0,237,133,478,421,297,88,210,488,454,374,158,280,207,344,164,5,219,484,371,483,109,276,477,262,493,77,289,41,187,251,313,351,7,420,19,80,372,99,226,190,172
1,222,47,374,7,305,446,326,87,334,135,253,46,182,199,413,92,380,93,463,308,474,382,462,398,223,327,22
2,264,290,487,52,433,86,466,387,99,357,478,155,153,286,365,93,301,276,410,181,284,192,252,228,326,24,318,340
3,195,470,96,372,414,181,376,288,59,385,152,311,417,389,37,231,436,442,74,95,457,353,379,178,204,42,136,256,393,99,356,352,216,244,377,85,483,392,182,126,191,94,491,155,10,135
4,366,25,379,310,251,7,198,393,488,38,235,253,486,17,87,159,223,202,217,367,489,130,382,492,105,434,168,157,263,368,300,336,497
5,403,143,313,89,201,90,233,198,193,440,207,133,418,469,152,312,163
6,411,72,49,195,167,211,315,294,145,360,20,377,101,162,254,39,226,432,188,362,307,52,389,494,19,127,279,218,485,41,117,3,77,395,114,353,80,1,103,296,372,136
7,369,383,316,320,286,231,390,370,429,340,24,150
8,432,249,367,234,456,321,410,239,347,402,126,300,335,365,142,387,178,284,7,479,254,437,391,131,484,85,494,252,155,253,473,323,5,2,73,262,21,238,287,212,61,385,381,352,23,474,417,95,478,452,60,422,181,118,182,414,404,180,342,203,331,482,306,197,214,341
9,180,13,366,68,207,389,346,166,466,12,357,250,153,356,299,482
10,449,235,311,339,479,193,431,109,177,2,205,0,102,459,220,197,299,79,190,15,168,172,411,110,239,186,359,230,68,48,436,146,474,160,281,487,3,117,342,336,123,469,343,97,120,90,263,181,347,167
11,199,397,200,111,126,223,52,183,428,292,56,329,298,206,270,36,85,42,497,299,1,262,197,40,460,220,219,188,413,481,279,399,384,453,35,247,190,158,173,59,323,344,326,319,170,341,373,128,226,383,368,255,296,221,112,88,480,154,210,385,416,39,246,387,212,394,305,280,86,163,252,488,193,214,450,475,479,258,310,12,250,424,162,3,195,233,84
12,352,203,65,381,198,49,282,284,225,438,194,412,269
13,159,52,211,208,394,384,145,435,155,496,115,140,423,23,93,375,413,449,499,15,183,215,144,333,165,424,370,393,169,162,242,81,102,262,341,398,495,372,272,265,48,190,337,470,258,477,342,465,362,255,131,82,4,26,319,83,344,259,269,368,304,164,161,78,358,204,487,113,210,49,191,188,70,277,176,460,397,12
14,398,305,302,442,464,158,68,343,448,80,245,129,376,480,229,107,56,193,479,38,399,167,257,366,429,127,232,75,382,13,184,485,440,316,108,159,222,430,394,202,397,367,44,12
15,109,154,448,221,312,151,323,199,260,379,119,347,131,410,360,84,441,6,137,72,437,190,216,85,162,421,383,214,300,311,357,58,331,256,289,22,142,90,95,367,463,494,336,60,354,51,206,308,375,384,473,362,218,305,71,182,296,55,172,318,53,54
16,435,207,192,95,491,97,236,400,467,448,227,143,283,72,443,239,446,266,191,27,21,194,313,160,41,182,233,385,228,106,488,110,31,286,408,134,79,466,343,167,349,498,451,198,321,43,334,28,75,361,104,201,156,189,351,347,284,38,45,254,196,340,47,297,157,384,70,66,258
17,472,476,40,390,276,14,344
18,238,444,421,173,233,199,489,261,334,290,330,70,234,25,436,21,487,8,128,322,146,332,142,335,307,75,110,381,267,208,405,243,311,263,192,180,190,351,45,98,295,327,404,396,414,280,390,42,166,265,47,126,125,298,68,129,370,375,145,288,58,258,328,246,486,433,67,374,176,464,469,412,217,495,77,301,40,177,159,130,318,264,147,325,170,182,321,76,259
19,399,126,247,79,129,322,144,137,55,278,70,248,116,480,353,376,161,357,387,266,152,213,140,47,7,313,192,208,249,285,377,444,384,454,439,329,394,179,188,236,476,31,154,319,264,485,461,405,207,244,433,491
20,207,403,169,377,305,303,320,471,243,224,266,47,38,474,382,14,93,124,432,379,164,482,119,349,417,283,428,162,212,25,19,344,28,466,127,267,296,257,190,472,50,294,12
21,100,398,254,402,431,213,343,495,381,368,492,451,32,114
22,333,467,101,278,130,13,152,56
23,166,269,133,165,11,205
24,197,444,440,149,48,142,111,355,4,370,367,250,198,224,35,223,38,475,65,334,313,422,192,496,64,97,297,57,320,113,271,356,73,110,348,443,282,311,450,258,292,317,414,234,79,121,7,389,159,296,46,160,497,26,66,299,63,278,269,352,68,216,29,242,90,134,330,177,129,428,459,50,61,131,170,357
25,164,433,388,177,333,98,156,8,53,46,460,429,263,103,486,347,60,375,87,102,71,166,159,15,400,225,235,370,57,332,350,335,205,392,113,134,493,482,414,109,139,298,477,286,387,405,97,6,76,189,188,82,187,488,17,424,68,52,35,315,55,402,444,79,137,112,310,143,129,9
26,88,169,48,426,466,235,361,402,480,448,268,462,98,244,388,292,181,172,408,459,465,412,202,243,142,285,190,488,265,375,154,296,121,150,366,457,256,57,441,74,79,170,95,264,437,353,27,469,238,289,83,141,341,471,291,193,253,240,65,303,405,417,70,334,134,91,290,216,143,67,25
27,316,110,71,190,460,233,453,210,274,347,324,295,118,72,189,298,146,433,399,82,40,150,352,4,300,17,416,312,129,292,466,154,385,47,227,335,424,145,418,395,85,272,169,244,419,56,391,442,499,415,242,463,334,488,437,333,39,355,234,406,138,473,121,358,166,171,429,153,390,182,441,277,167,431,351
28,475,462,320,218,466,121,295,200,449,402,60,417,442,345,454,366,224,389,142,340,472,108,440,133,287,30,382,429,118,373,434,164,29,186,236,347,487,166,282,86,9,5,262,267,88,438,294,112,141,80,439,87,313,394,229,151,177,79,139,137,32,155,210,388,385,125,228,283,45,457,336,350,206,243,276,335,6,479,371,430,355,484,67,418,444,77,253,411
29,269,94,431,228,132,490,15,366,351,241,410,315,454,353,83,53,373,293,224,251,165,48,262,440,392,319,450,213,150,25,446,305,252,478,142,93,208,39,358,367,362,321,179,67,106,364,6,147,30
30,223,33,278,395,34,79,128,29,496,310,144,239,230,450,179,280,169,209,265,341,42,423,403,55,313,171,241,452,47,187,459,126,255,125,51,246,307,488,109,266,437,466,486,344,200,152,298,270,268,207,133,369,279,64,251,297,335,371,392,360,10,104,81,92,35,447,405,6,82,306,105
31,286,147,96,235,136,428,230,140,118,106,24,396,446,430,372,193
32,148,119,66,131,480,374,158,344,373,444,464,298,348,338,463,35,87
33,259,304,167,141,249,322,228,226,379,198,278,243,192,21,31,415,29,312,60,81,268,260,333,37,363,314,393,40,298,237,303,434,73,449,265,426,470,109,70,72,103,205,80,490,441,374,437,491,126
34,107,292,30,312,229,49,87,394,55,432,83,482,304,486,414,112,392,293,237,334,148,103,18,325,178,104,363,123,214,95,114,158,246,98,164,225,121,147,129,378,481,303,408,240,234,302,446,89,471,386,263,431,12,470,14,19,496,477,305,445,464,272,442,390,345
35,26,334,353,431,316,424,82,419,194,52,252,203,208,103,198,231,183,264,370,495,38,321,455,143,389,326,233,324,60,125,476,299,29,468,232,445,202,434,117,211,354,400,209,77,146,325,443,456,467,440,236,327,451,42
36,396,100,286,273,223
37,402,295,390,250,454,374,410,163,317,3,223,375,449,181,77,206,482,197,97,476,29,421,280,136,457,369,381,9,169,220,434,384,235,32,125,199,63,397,413,117,144,2,279,335,318,450,14,478,271,453,377,132,296,389,437,185,39,98,188,59,461,412,45,258,408,490,387,129,99
38,317,17,154,331,51,124,290,435,149,404,210,304,105,188,299,487,256,28,386,48,196,436,449,53,366,10,277,113,116,244,452,1,343,73,221,457,245,486,218,278,463,114,193,429,131,478,456,334,489,127,440,108,288,205,145,46,214,147,89,103,185,3,382,171,384,50,448,389,376,82,481,20,150,491,136,490,476,65,272,157,405,179,323,322
39,369,224,107,176,17,367,342,2,330,468,411,109,389,458,114,64,221,111,59,28,69,491,405,125,317,258,290,376,0,485,4,103,401,158,227,284,400,223,354,259,451,89,153,306,210,162,206,250,180,119,54,21,341
40,80,97,14,244,352,250
41,408,180,417,312,265,206,157,105,366,40,107,282,142,24,266,72,395,405,138,164,121,363,463,315,346,86,152,82,183,335,455,130,305,372,148,240,150,386,38,204,392,334,199,264,371,118,351,255,320,434,407
42,424,350,52,63,277,361,422,113,460,389,23,173,411,423,149,440,347,253,431,351,196,410,465,476,141,456,22,107,306,143,447,452,103,59,200,433,36,40,401,488,87,112,475,449,106
43
44,468,229,371,173,179,289,255,382,152,53,26,100,406,223,330,76,231,174,204,153,334,180,232,150,379,310,207,415,33,101,104,71,393,366,388,156,338,258,351,30,300,15,108,444,114,286,291,143,349,358,279,37,308,451,32,224,28,495,169,118,222,70,137
45,334,397,492,395,446,490,342,166,30,109,178,91,142,125,232,418,392,29,495,202,53,211,44,379,493,272
46,269,317,218,369,81,195,8,379,73,63,132,289,120,101,265,244,243,390,398,159,89,36,198,478,47,441,445,226,96,103,213,288,88,107,224,236,4,24,246
47,467,123,360,157,194,413,414,387,299,187,409,151,227,425,166,5,160,288,188,326,383,23,386,412,287,290,473,300,474,210,128,245,11,461,203,113,424,25,389,228,14,26,99,270,384,282,51,293,303,80,16,256,266,168,146,391,57,48
48,276,426,485,380,448,111,219,10,428,16,390,316,54,222,289,473,296,344,420,141,331,33,468
49,15,138,324,485,464,211,7,59,223,188,291,109,131,30,170,443,414,241,288
50,326,119,117,216,80,245,196,75,30,185,231
51,339,25,183,431,155,205,423,24,169,348,224,330,373,232,1,261,143,98,458,307,324,231,366,436,41,484,413,92,251,424,398,262,236,164,259,325,377,230,32,408,13,64,409,63,114,278,345,9,288,75,488,50,365,81,40,266,90,203,361,443,329,472,296,52,250,77,99,106,117,455
52,356,169,80,165,13,73,398,277,182,362,17,173,254,350,352,62,192,4,8,234,376,470,16,268
53,381,413,157,96,140,294,150,368,251,482,432,59,134,107,451,479,350,434,386,41,390,163,447,424,37,325,459,471,15,455,267,203,7,293,312,404,330,296,355,456,437,495,91,466,210,498,243,66,187,485,120,339,153,214,268,69,462,8,359,112,19,179,70,101,64,82,169
54,438,112,435,219,467,132,16,208,157,434,281,277,79,173,212,164,333,464,494,244,253,8,404,195,285,497,475,165,85,138,17,273,32,282,414,408
55,349,374,126,118,459,455,205,139,101,460,290,104,75
56,203,67,439,282,460,183,415,70,112,126,366,196,229,394,289,125,192,180,173,492,43,281,270,253,171,90,444,194,207,153,292,44,319,481,62,263,336,274,177,442,365,345,230,124,107,35
57,420,153,482,488,269,140,362,376,443,110,337,449,100,497
58,484,164,329,403,304,87,442,445,382,171,285,50,324,69,301,337,338,290,151,482,311,196,367,40,348,264
59,494,213,155,301,62,332,102,325,231,380,457,96,142,286,419,459,299,141,33,226,267,227,359,363,194,92,223,268,391,365,259,432,0,442,364,179,483,309,127,31,386,290,441,422,492,410,198,337,486,479,353,415,166,468,241,200,336,30,16,318,277,316,440,344,187,400,153,202,26,288,150,5,248,466,170,19,495,89,292,263,291,357
60,16,225,162,93,30,428,410,496,392,324,299,334,499,79,24,401,460,155,98,374,198,423,469,427,216,381,452,167,407,291,316,297,269,94,261,453,65,341,393,273,92,270,385,447,27,475,49,326,170,35,414,147,304,145,96,278,10,336,74,116,409,384,83,143,237,301,274,315,169,43,289,277,17,48,180,54
61,495,148,313,37,38,62,248,137,193,309,159,417,198,303,392,163,259,442,278,453,177,186,304,56,147,11,168,478,381,419,184,335,108,157,160,437,454,337,145,254,42,498,287,90,13,306,182,307,58,311,344,331,343,183,467,385,332,379,27,82,415,393,298,194,45,52,176,199,297,444,256,102,359,105,33,492,236,339,222,439,487,1,150,161,318
62,417,497,208,410,212,355,372,68,343,475,336,302,260,398,490,468,99,281,248,8,119,447,471,40,85,157,456,168,75,224,434,404,7,327,384,422,473,44,94,270,334,151,139,236,187,293,124,388,328,323,230,477,128,81,171,238,228,86,367,390,4,247,339,199,211,290,110,466,362,444,65,37
63,40,286,33,325,52,336,365,366,26,347,417,6,480,103,293,299,264,199,418,438,215,287,281,475,295,407,108,232,209,184,260,47,379,208,342,68,368,248,297,382,73,393,118,64,78,141,447,497,16,238,491,135,95,48,88,380,69,225,298,388,38,24,34
64,220,117,10,412,224,497,178,372,177,225,120,153,289,459,6,12,114,11,110,337,76,211,29,351,303
65,157,406,246,277,241,123,292,371,177,382,148,178,457,175,413,146,383,20,443,115,139,40,335,322,389,453,381,222,319,78,238,294,45,359,112,7,347,498,364,332,378,497,334,425,394,25,396,307,63,244,429,265,151,402,283,220,91,30,173,233,438,280,75,158,323,199,218,153,439,4,61,399,58,489,260
66,326,431,364,248,73,45,323,351,467,349,273,398,179,67,101,168
67,340,334,65,185,337,214,325,277,418,462,14,287,319,439,304,223,301,149,57,85,62,217,312,363,486,23,158,293,63,73,362,472,162,190,423,315,32,20,219,230,317,473,272,321,275,34,447,26,156,17,427,305,92,463,284,438,332,237,366,233,207,114,446,259,285,440,266,374,28,413,475,50,234,151,391,77,164,129,308,179,119,436,400,498,24
68,6,33,109,473,136,315,219,199,121,200,247,458,170,424,32,66,395,448,82,4,131,405,103,227,83,21,161,394,281,288,188,419,211,307,97,277,398,295,361,116,187,347,81,369,273,298,319,455,142,372,26,262,23,336,143,11,238,178,451,220,304,440,291,217,469,410,370,229,367,294,452
69,108,259,333,451,150,50,59,240,119,378,268,10,496,85,309,149,49,271,44,379,215,159,426,402,408,221,465,463,371,344,409,156,33,236,412,375,417,200,442,377,454,283,102,398,349,24,339,423,53,45,77,132,188,483,273,184,257,34,175,100,292,395,111,470,192,224
70,167,378,253,368,289,264,221,286,340,329,240,88,318,492,412,402,9,453,73,449,53,120,108,217,125,90,382,75,399,109,375,147,239,415,480,262,8,472,51,322,225,134,140,334,280,86,171,291,155,3,408,411,218,216,222,123,49,445,267,223,170,142,274,234,488,255,56,478,172,198,345,48,304,55,212,490
71,285,330,51,123,79,422,275,125,470,1,436,261,411,48,490,97,460,142,185,15,389,469,163,386,78,271,89,195,14,406,379,371,151,312,150
72,289,398,247,493,288,112,2,385,76,265,381,23,185,351,297,485,300,226,143,332,182,285,275,392,383,448,184,492,312,301,88,170,0,225,363,210,243,444,280,239,179,462,32,12,97,496,164,258,417,477,49,355,495,481,234,407,159,194
73,343,104,365,50,141,215,92,330,404,368,462,401,444,322,479
74,153,450,66,386,309,226,71,271,496
75,159,234,116,184,155,58,20,493,498,90,269,328,432,94,93,223,251,207,0,292,463,152,333,188,158,385,183,358,180,491,492,187,238,212,41,181,156,128,379,81,195,70,15,69,283,407,423,138,345,133,366,322,446,48,97,174,220,56,136,161,265,255,200,2,294,241,307,46
76,113,111,385,305,217,436,95,40,180,372,427,139,119,132,326,116,311,222,255,476,137,136,272,2,29,170,89,120,363,121,383,172,110,143,468,16,236,178,11,479,322,444,404,423,365,406,297,251,43,497,435,336,64,115,382,494,39,379,461,354,399,496,69,462,293,220,196,295,208,441,70,230,396
77,378,153,71,333,69,458,4,46,72,94,339,30,129,189,127,375,260,392,54,476,483,498,63,104,228,22,320,78,278,477,199,293,473,64,130,141,179,38,334,219,197,115,283,292,270,363,43,70,397,216,385,352,89,156,335,393,158,181,331,432,126,198,258,418,49,5,361,145,155,61,429,419,403
78,446,449,403,409,3,380,485,111,44,419,226,390,192,480,141,299,264,36,244,418,124,51,402,9,414,364,482,423,398,301,219,492,19,108,10,209,172,445,468,186,215,42,331,106
79,324,450,106,473,373,465,499,182,140,197,467,485,116,438,75,201,304,111,26,355,279,43,301,249,160,266,391,72,296,244,147,472,447
80,9,312,191,39,242,434,88,94,134,457
81,163,187,466,11,268,121,274,43,492,4,12,297,206,55,140,222,428,310,171,28,134,371,225,5,48,105,146,211,156,150,104,42,249,462,470,410,24,232,154,468,327,373,166,172,174,284,328,358,62,181,8,409,231,369,224,457,312,246,59,305,311,127,418,411,72,329,186,333,355,157,116,272,78,92,141,338,431,417,491,258,370,60,49
82,64,124,409,363,265,178,55,308,281,416,293,274,380,235,486,462,62,283,213,395,396,7,157,426,482,144,133,38,401,18,467,107,291,327,368,43,65,151,138,233,421,120,170,26,427,59,491,498,9,267,475,31,0,367,320,250,169,324,231,99,186,410,220,353,34,71,37,171,305
83,483,225,50,159,319
84,141,125,179,284,298,249,72,367,224,48,260,196,114,471,9,281,346,262,198,60,169,11,342,155,8,489,99,411,174,259,432,269,62,324,28,289,444,327,5,322,200,332,7,172,183,194,135,75,384,79,66,152,483,217,356,447,111,420,448,244,474,132,443,446,379
85,369,359,87,445,170,435,397,152
86,245,467,406,177,72,9,344,282,31,28,216,392,272,311,148,372,369,463,168,170,326,437,483,261,206,271,234,12,408,116,204,331,66,497,7,350,85,266,390,356,125,5,146,135,387,244,417,394,202,343,217,432,88,16,487,438,13,460,3,452,265,139,341,439,35,270,305,373,323,191,183,345,494,286,136
87,472,299,381,184,90,176,59,444,115,332,365,499,287,443,403,157,266,467,121
88,444,291,38,408,181,417,434,483,478,97,242,34,141,421,428,355,85,209,193,156
89,481,455,299,307,381,214,236,421,289,243,97,435,251,167,436,162,303,385,178,266,37,464,270,258,233,199,128,355,168,60,331,164,125,414,416,145,109,182,310,271,300,85,290,16,17,19,146,302,422,389,346,446,38,319,12,272,395,418,51,99,392,363,69,31,339,356,33,7,83,161,321,274,473,330,434,34,67,246,220,102,205,80,192,316
90,9,442,99,150,467,417
91,390,488,393,131,473,327,471,194,336,266
92,282,153,177,284,459,56,131,274,221,319,123,49,154,135,17,209,247,253,409,98,493,352,184,388,228,196,366,107,412,300,157,18
93,207,296,249,319,460,348,373,176,337,1,130,499,486,298,192,133,239,119,54,206,324,4,137,166,401,362,154,291,360,204,478,31,210,246,232,341,84,429,422,73,182,9,30,452,263,451,404,343,44,370,415,346
94,468,119,366,332,50,410,52,406,250,326,257,469,437,235,117,470,293,229,448,101,7,111,246,126,145,338,284,196,186,416,287,179,351,357,20,482,244,409,75,241,247,355,198,231,199,258,388,408,177,380,457,121,138,381,378,398,205,35,49,283,496,97,223,90,267,80,439,115,149,389,446,243,240,435,320,9,447,155,333,443
95,420,468,52,396,471,289,32,443,84,369,124,18,226,17,182,53,363,458,483,476,377,192,169,168,114,152,271,90,388,159,475,150,413,370,256,264,57,472,66,156,155,92,254,208,251,177,146,133,164,50,190,173,37,457,77,189,306,88,430,317,219,294,180,263
96,11,352,132,317,343,481,119,460,152,130,433
97,27,128,475,382,341,249,193,1,23,462,468,271,119,384,33,469,120,160,65,115,88,235,352,436,85
98,187,236,177,197,160,171,335,22,441,425,365,57,114,235,156,254,266,432,460,345,100,166,294,172,97,466,322,200,221,361,479,203,142,213,312,282,378,122,459,431,390,25,94,313,337,195,438,383,31,130,43,491,118,32,83,12,136,394,117,346,463,285,336,18,13,56,447,442,252,80,321,405,398,414,388,385,362,191,84,50,239,404,276,323,198,458
99,180,497,97,115,66,60,218,28,299,184,303
100,59,250,420,239,363,327,373,349,41,297,449,404,136,306,159,36,477,101,482,68,226,392,295,429,367,348,318,431,268,289,127,47,426,200,331,382,442,492,170
101,384,173,140,168,239,395,183,238,46,495,249,271,124,300,150,337,356,58,103,267,430,357,5,227,385,50,275,175,463,334,40,380,194,470,163,421,406,53,164,496,388,412,442,316,223,286,119,343,339,171,373,355,378,427,386,276,226,95,9,326,237,484,360,201,332,120,233,428,338,310,28,219,247,363,109,84,49,118,6,253,465,137,216,321,100,151,142
102,274,367,174,279,481,216,353,17,453,147,159,475,270,128,397,185,266,455,140,209,146,408,343,372,77,192,156,15,127,222,107,108,259,421,43,180,424,264,245,321,235,317,439,191,376,386,263,248,13,323,95,121,405,384,415,319,118,153,447,358,35,141,148,449,165,144,403,120,296,53,11,246,300,289,345,194,342,8,450,249,299,422,426,285,71,67,294,467,451
103,256,110,75,59,459,184,175,290,22,381,351,140,403,224,225,165,475,365,213,418,223,448,422,271,69,317,324,102,246,68,386,161,173,147,336,268,162,451,113,331,243,65,32,252,438,391,4,145,270,267
104,426,457,145,303,37,498,197,359,160,179,166,171,277,78,221
105,141,242,429,493,127,399,65,0,131,79,435,383,340,155,362,208,290,101,81,398,397,432,54,412,237,401,465,121,487,165,120,144,266,404,437,265,280,321,115,169,342,217,188,323,319,187,458,386,19,483,452,167,53,227,148,202,246,228,221,74,443,341,485,462,305,326,38,109,164,177,243,114,78,256,174,337
106,144,130,219,238,311,434,366,87,124,248,300,207,83,71,424,361,50,11,230,160,51,6,35,177,489,271,222,179,269,494,357,29,410,493,272,109,334,221,75,463,36,209,21,362,482,309,202,437,105,240,46,371,459,16,243,190,398,234,407,261,67,394,34,317,458,232,354,324,347,134,5,314,270,499
107,57,368,341,389,357,332,156,117,258,244,183,169,43,428,159,197,451,232,376,36,433,333,481,295,473,161,136,146,420,98,160,356,370,301,497,67,65,287,431,195,184,489,395,185,429,170,313,18,477,227,498,338,164,100,201,143,345,99,353,31,463,40,114,478,472,311,101,78,455,158,434,251,366,296,233,465,46,271,106,355,108,421,153,104,24
108,276,340,282,416,21,22,214,274,11,212,77,123,308,288,433,463,13,59,213,5,399,145,330,80,464,289,380,155,498,248,76,448,440,305,189,312,497,25,345,103,113,275,195,139,368,320,287,315,116,146,107,12,358,14,410,244,405,138,95,450,41,224,439,96,247
109,224,438,146,56,332,165,381,309,296,495,29,4,147,110,16,266,207,430,444,441,496,135,209,239,63,31,345,204,377,236,137,492,164,395,152,333,85,60,380,431,148,180,339,393,172,202,190,467,170,201,310,206,229,391,203,457,181,262,487,399,301,13,192
110,469,385,172,67,203,470,331,187,310,433,262,115,485,316,430,421,436,27,13,261,266,370,19
111,119,17,54,150,304,97,407,169,276,478,280,313,30,242,494,49,155,405,167,90,214,137,386,376,333,260,130,47,2,61,499,273,70,390,123,327,23,473,222,449,212,256,460,340,8,79,16,391,452,330,186,206,71,176,431,128
112,25,211,273,79,208,19,315,344,293,39,61,109,186,341,331,21,499,339,1,38,427,192,57,243,411,453,62,383,181,302
113,234,310,430,380,357,98,166,68,427,85,431,428,75,462,155,287,282,152,351,42,182,7,118,418,239,353,66,154,487,43,460,16,77,267,64,238,327,139,381,465,484,348,2,30,201,297,176,275,491
114,314,301,303,177,6,382,445,96,264,255,77,19,326,403,168,493,465,204,312,355,353,33,274,436,270,381,320,269,370,60,453,129,72,208,383,235,41,318,426,304,278,359,261,364,405,48,271,218,489,126,479,416,82,244,169,191,351,439,385,74,372,250,95,14,342,102,150,144,390,212,446,147,376,288,460,99,79,176,293
115,135,429,273,467,368,145,290,350,43,279,464,420,339,227,229,139,380,28,292,120,330,25,262
116
117,132,437,140,430,79,472,121,66,83,330,380,282,467,164,315,192,96,295,65,436,11,134,409,233,292,142,302,176,367,275,350,145,333,317,342,194,88,242,335,207,369,229,254,461,137,484,171,414,29,435,293,247,148,129,23,139,388,445,161,304,497,294
118,328,321,439,138,380,19,171,415,426,327,462,396,247,464,149,408,345,91,496,85,242,481,219,22,68,10,383,211,457,33,245,364,246,82,350,137,0,306,390,344,353,27,359,314,370,1,224,429,401,494,240,115,77,358,143,28,226,252,443,81,239,477,373,69,259,447,448,248,52,449,386,121,228,18,83,326,241,113,357
119,167,192,329,490,309,95,21,291,62,67,118,338,462,108,46,243,360,178,31,149,131,370
120,207,187,71,258,7,480,319,351,399
121,338,46,224,8
122,112,229,367,383,224,161
123,410,352,425,307,73,408,261,376,308,246,466,60,280,32,486,475,22,118,360,11,429,194,417,161,401,133,49,435,203,463,251,413,84,346,16,10,151,179,363,479,469,65,25,5,231,135,484,447,372,20,227,397,350,50,412,163,184,288,149,224,142,483,387
124,112,207,232,369,109,277,253,199,51,320,58,53,286,373
125,256,337,414,206,162,347,194,314,128
126,168,124,55,183,349,405,223,444,289,209,14,162,294,431,176,182,438,257,254,469,495,465,355,151,424,486,476,17,462,5,287,304,481,439,60,68,59,480,429,81,455,7,418,498,240,477,169,460,37,88,133,345,195,383,327,398,491,243,496,138,283,262,35,181,153,489,499,72,237,210,123,479,487,494,325,165,422
127,359,343,342,448,387,121,471,113,250,163,174,171,249,176,137,389,175,419,452,349,216,222,299,223,398,292,428,196,324,74,202,145,347,499,2,138,353,468,462,190,248,346,477,480,263
128,208,416,114,326,298,170,341,33,464,82,265,230,15,20,381,429,28,460,275,461,425,272,244,193,252,496,27,3,67,469,361,100
129,31,467,115,180,133,19,89,456,101,323,477,40,308,326,214,205,261,192,419,68,455,177,403,236,212,22,452,436,218,44,155,335,14,414,277,486,258,18,322,213,413,206,112
130,363,2,1,373,126,125,102,30,41,269,299,220,382,132,484,276,307,117,447,407,25,98,493,360,217,482,81,489,359,197,55,229,324,392,336,427,243,368,460,53,356,74,429,235,434,120,313,31,3,105,291,416,296,203,245,495,38,409,467,63,371,380,34,99,96,406,463,303,410,108,194,85,109,435,257,448,39,209,103
131,428,489,55,211,134,114,472,71,499,270,408,334,304,247,259,210,326,41,321,157,414,405,240,312,422,83,288,272,85,316,439,213,139,445,278,325,389,115,257,423,357,396,403,289,347,276,479,53,9,163,18,170,5,498,368,409,101,381,73,456,225,0,469,154,277,294
132,96,99,311,286,404,467,204,410,399,487,205,37,222,316,176,127,255,170,433,434,80,498,244,396
133,356,56,188,264,403,261,1,312,156,272,180,85,166,280,412,333,327,220,443,157,143,215,326,298,345,393,44,276,368,92,28,362,366,293,42,384,467,84,351,206,234,379,461,21,18,48,190,107,491,30,349,75,446,378,168,199,248,79,123,115,202,348,119,0,365,102,294,468,413,440,498,237,469,93,219,241,410,69
134,88,106,412,442,43,461,96,480,159,299,149,316,435,237,364,188,32,85,331,402,328,386,463,393
135,165,292,230,231,37,470,189,420,280,269,458,9,168,140,383,466,260,356,35,155,55,393,412,353,194,341,283
136,257,169,393,428,395,357,60,358,396,68,183,346,137,442,113,190,249,40,486,342,361,420,451,439,494,155,246,189,71,75,282,21,92,382,471,199,176,12,178,483,453,405,351,489,251,30,31
137,169,350,404,290,466,395,402,23,496,266,135,413,302,124,399,348,472,101,346,375,317,29,53,247,474
138,234,25,31,154,171,340,431,210,39,50,224,309,478,231,499,456,417,285,256,145,199,356,446,76,377,101,141,389,410,89,158,10,48,345,132,402,17,468,448,46,326,269,187,457,215,63,136,180,100,192,396,102,74,273,357,219,130,7,418,392,290,349,308,483,434,98,201,481,236,393,412,264,209,174,131,104,172
139,113,459,487,406,458,31,401,73,432,371,494,130,435,211,22,332,497,187,372,201,316,314,1,237,262,135,297,57,7,426,25,310,258,391,415,235,186,427,423,477,234,177,240,54,93,184,251,451,91,363,370,383,88,387
140,157,397,349,241,42,267,365,21,264,192,310,86,5,62
141,149,468,353,212,215,161,288,38,486,251,261,53,345,481,265,176,6,142,248,310,231,195,381,180,52,450,145,326,126,69,120,91,467,498,206,105,499,58,430,250,429,175,296,258,319,480,138,291,295,301,472,478,400,431,470,259,37,446,111,70,106,490,194,492,432,24,10,471,197,417,174,236,299,62,227,203
142,408,240,244,113,379,346,13,460,267,434,44,486,443,27,359,22,253,384,40,157,55,348,430,410,91,350,105,29,0,117,217,339,262,444,134,491,114,332,454,320,431,412,335,214,492,467,341,137,215,403,302,179,110,230,411,77,224,419,378,312,4,50,184,487,56,277,360,42,472,425,148,181,294,129,122,424,136,69,155,180,321,402,188,499
143,86,303,252,43,261,447,131,29,226,340,250,222,52,99,359,79,35,438
144,327,282,278,482,472,66,374,129,56,392,446,226,221,209,152,79,321,399,193,135,309,155,477,170,107,454,445,114,452,333,328,11,382,422,191,439,499,263,206,368,257
145,176,292,495,102,477,0,124,350,364,96,314,303,65,182,175,186,487,244,59,132,436,284,458,354,452,239,281,129,63,410,474,367,171,399,459,189,405,71,151,243,226,426,493
146,75,290,255,274,163,389,495,401,330,388,25,496,351,132,293,353,36,425,67,390,319,227,427,464,232,324,376,145,298,415,318,494,439,218,377,445,470,124,479
147,427,335,77,298,343,294,160,64,181,477,363,108,274,468,97,185,99,459,401,251,326,24,241,450,263,163,144,492,194,202,347,68,193,83,125,57,47,219,272,271,203,245,441,212,114,486,107,440,3,8,113,55,485,318,369,127,487,321,148,421,86,391,305,248
148,239,142,153,308,85,262,95,498,344,398,201,245,254,130,138,206,4,178,112,69,54,417,458,234,238,427,52,252,375,168,295,405,108,277,451,53,376,470,135,104,302,385,83,146,65,3,211,485,463,351,233,267,155,235,325,355,317,358,109,217,304,240
149,483,481,66,132,498,468,288,182,100,145,329,401,320,450,403,358,392,475,355,211,309,139,361,163,179,186,190,268,97,359,466,480,245,248,267,434,391,244,56,189,125,237,442,472,411,85,24,236,136,304,107,433,44,157
150,448,331,196,215,257,432,419,308,376,202,147,381,337,409,413,254,375,35,467,105,435,479,313,67,165,391,477,69,277,431,327,101,77,122,185,489,232,284,26,156,468,285,174,457,469,166,126,33,430,310,7,273,288,330,438,124,439,366,368,282,186,355,96,303,491,51,220,478,275,63,407,294
151,142,385,261,389,232,331,12,347,374,197,22,235,176,409,2,282,44,401,318,157,264,276,360,146,175,126,295,63
152,258,339,159,417,55,179,256,412,466,385,396,391,88,194,54,414,160,324,376,79,42,35,474,406,199,447,238,321,43,240,373,239,352,1,60,233,193,371,395,496,355,200,265,17,268,301,390,296,291,208,308,261,98,207,416,181,486,119,95,259,190,275,137,375,381,92,210
153,499,298,198,468,103,142,115,149,354,284,22,272,164,132,113,243,345,265,199,477,49,77,342,367,162,53,159,368,10,463,114,323,39,96,219,45,139,121,174,85,276,56,467,381,355,343,360,208,317,334,12,188,117,4,275,348,130,246,9,221,172,8,495,474,464,303,313,491,453,314,498,127,478,378,465,20,407,304,425
154,404,352,176,111,172,377,207,7,295,224,19,209,367,282,310,213,401,89,23,135,415,42,167,141,168,170,191,307,266,245,390,402,271,471,47,302,452,36,406,341,222,330,470,303,436,255,131,257,421,451,356,459,348,261,267,393,328,114,12,481,478,50,32,413,24,443,301,225,484,268,144,329,66,331,145,231,254,121
155,0,277,163,107,192,351,201,302,151,301
156,296,488,92,486,322,476,58,196,102,418,483,384,468,61,315,485
157,92,268,409,20,381
158,457,235,85,214,0,162,476,330,221,498,98,483,32,366,59,288,415,286,117,96,277,238,40,13,382,316,5,352,10,29,280,142,169,268,432,404,445,171,138,386,462,446,409,371,329,82
159,377,202,350,311,439,342,459,209,94,444,192,183,285,4,489,123,460,185,343,298,214,290,299,222,194,420,355,430,146,21,206,243,397,227,127,80,87,32,128,354,134,265,292,274,462,337,300,6,482,286,236,154,275,170,69,346,326,309,162,40,67,413,114,81,64,316,436,49,381,16,22,204,259,118,264,66,250,129,398,181,82,120,445,197,148,218,137
160,318,124,242,73,89,278,308,423,471,281,342,198,399,112,97,282,268,370,32,149,27,294,296,188,22,189,172,157,453,434,457,395,75,113,71,65,240,17,87,14,18,10,270,129,283,131,103,409,352,394,349,234,438,280,472,80,247,8,229,61,336,269,404,28,60,77,108,56,105,122,257,79,401
161,39,469,187,384,23,9,30,131,494,75,177,132,217,391,141,163,37,442,5,198,115,221,149,263,274
162,422,224
163,92,21,258,337,294,99,194,198,408,339,77,32,148,181,289,53,482,330,315,36,267,13,344,453,416,178,347,454,407,449,62,375,468,2,480,182,495,250,272,162,327,340,430,281,448,355,361,49,7,22,345,296,230,405,192,450,278,490,112,425,111
164,26,186,252,392,290,153,195,197,137,119,451,25,24,431,364,316,251,56,109,121,464,440,405,217,126,466,51,483,423,8,101,38,55,345,280,208,165,337,215,434,161,325,414,199,475,80,70,333,443,235,204,155,336,222,387,40,82,79,219,2,33,43,0,354,185,108,275,200,493,41,242
165,35,382,3,444,223,90,167,161,207,202,310,466,180,31,201,92,266,40,300,283,159,337,60,363,274,78,145,427,402,288,123,36,302,345,357,188,457,203,45,74,173,225,132,138,409,107,419,320,434,341,331,292,91,417,197,376,12,401,347,238,479,119,101,303,39,352
166,229,417,446,13,314,7,26,311,105,331,268,136,313,352,70,183,497,282,482,386,201,96,240,168,141,190,140,86
167,449,320,146,351,378,288,135,86,152,153,156,234,296,376,188,77,16,242,431,348,462,224,486,183,108,205,318,252,464,1,26,215,36,154,357,405,5,494,396,62,497,92,312,138,446,263,49,303,221,145,222,459,116,9,295,358,163,277,485
168,97,420,370,184,122,149,385,457,412,177,239,178,391,137,132,286,172,222,129,12,244,429,127,109,71,82,443,470,157,215,45,70,206,80,192,96,34,29,303,87,477,352,67,209,362,271,203,464,225,232,295,450,364,217,3,104,301,76,388,27,61,415,317,348,322,193,55,435,143,374,469,346,135,220,261,399,219,7,88,273,196,92,376,447,403,384,495,395
169,402,60,100,91,42,228,147,75,216,90,78,486,401,234,492,25,489,436,173,498,452,310,32,194,385,224,289,433,347,422
170,186,359,364,450,238,276,3,483,134,217,301,291,157,444,347,339,486,374,175,371,61,348,164,314,39,19,493,103,340,52,392,127,231,216,111,89,391,469,104,232,412,393,325,147,185,224,126,119,365,414,378,404,461,16,430,341,91,57,149,491,330,366,144,1
171,355,17,429,362,149,93,262,328,237,414,257,452,184,311,333,226,412,380,365,448,432,183,343,196,280,189,201,7,212,231,261,471,491,450,418,250,165,29,301,95,202,97,403,70,273,395,330,11,136,391,12,30,120,482,4,399,457,80,356,53,121,138,162,374,87,268,379,225,64,492,161
172,40,418,356,185,74,478,363,15,211,299,388,217,377,113,474,145,259,221,371,392,252,108,341,214,300,65,314,466,230,298,265,457,55,436,101,170,315,411,468,311,149,39,255,0,183,393,191,160,234,150,96,244,233,117,367,362,307,118,340,24,374,342,484,51,499,463,343,420,110,266
173,226,467,361,290,232,289,14,45,378,233,32,468,109,103,87,375,379,197,430,121,324,147,108,395,340,239,12,155,497,314,457,200,133,487,475,202,76,306,252,304,328,416,352,396,27,18,489,182,347,427,380,140,359,139,130,414,372,316,62,325,282
174,233,130,461,97,283,476,290,473,124,375,417,315
175,233,51,38,426,31,273,492,313,484,248,190,87,478,179,319,392,347,28,455,143,80,314,430,281,300,199,460,456,464,296,116,227,494,418,204,203,352,181,378,379,324,48,17,350,95,89,90,129,481,225,195,326,10,24,97,407,318,413,37,106,196,338,305,127,78,335,348,336
176,280,430,405,489,498,490,28,40,391,257,457
177,122,334,396,176,399,436,87,432,386
178,472,47,111,92,418,334,318,358,498,206,79,107,474,139,321,473,434,366,262,490,311,126,340,250,495,141,481,328,64,245,486,499,244,294,123,267,20,132,484,159,336,174,224,222,40,313,406,338,3,199,453,100,326,312,201,45,483,447,383,115,269,316,83,467
179,431,368,485,295,190,385,115,456,353,333,114,187
180,84,200,431,28,472,173,53,137,261,371,24,471,450,234,75,213
181,215,357,410,309,352,170,134,380,152,393,498,252,460,492,326,413,331,231,165,140,431,443,249,353,430,404,345,255,288,84,272,306,122,173,157,93,437,244,48,308,133,472,474,218,91,239,65,141,264,36,426,174,449,149,37,497,161,478,290,358,337,168,45,409,123,484,416,471
182,216,217,192,319,33,331,498,294,64,274,376,230,413,86,45,88,206,407,276,170,481,488,492,113,370,288,47,458,472,16,2,322,404,398,461,367,158,160,455,281,340,485,172,434,191,423,26,203,418,284,165,298,19,205,243,177,255,107,40,143,438,149,343,103,333,347,419,282,479
183,167,121,24,18,277,283,324
184,86,479,219,167,329,67,295,425,483
185,96,488,222,461,245,139,105,228,197,92,70,30,261,298,308,458,349,414,11,0,19,332,171,22,279
186,341,98,154,182,481,253,219,47,321,373,444,109,489,306,138
187,157,334,131,342,141,248,165,349,466,312,380,230,461,234,18,352,245,310,13,46,408,96,10
188,270,298,425,130,383,98,358,259,393,113,407,406,172,135,300,468,331,184,380,102,80,294,402,179,163,7,351,240,46,1,323,333,260,203,161,374,177
189,444,287,54,17,194,299,117,10,459,484,204,402,434,368,87,47,39,243,342,91,363,398,79,239,116,321,61,274,6,291,284,460,251,164,418,371,15,110,339,118,165,445,431,277,268,325,360,362,30,155,486,293,89,272,220,386,209,205,71,14,143,317,133,127,27,213,332,374,156,278,311,139,141,323,302,464
190,296,494,216,224,258,45,455,110,59,340,291,257,116,441,393,25,147,222,48,260,211,326,173,125,317,287,73,443,400,385,391,7,88,150,163,234,497,236,281,210,203,496,368,373,361,305,445,195,276,297,333,132,123,335,71,47,43,438,398,263,248,185,126,458,387,401,405,432,168,83,379,114,85,275,240,351,127,388,251,130,247,207,226,359,115,348
191,293,320,168,143,217,430,292,29,494,290,269,140,253,137,58,200,388,172,81,326,21,445,76
192,129,409,191,120,359,93,38,312,432,445,228,209,364,466,230,138,347,32,157,172,3,266,108,315,427,374,212,439,250,407,425,389,415,48,276,379,109,148,54,66,18,34,353,421,219,165,435,106,76,485,497,154,273,280,291,176,424,460,452,122,371,375,29,229,406,297
193,198,29,253,449,2,109,262,5,232,367,386,417,114,323,149,439,421,170,8,153,48,71,445,334,398,312,443,235,211,343,216,42,351,147,299,136,472,357,436,397,466
194,350,79,398,250,190,437,464,8,57,313,95,141,356,28,463,482,156,188,494,369,196,307,178,169,50,420,331,25,338,373,297,115,231,290,432,259,379,216,455,20,140,40,378,248,261,393,19,44,321,27,21,382,136,192,215,35,161,444,268,6,424,435,352,491,333,269,272,77,31,325,116,309,483,318,118
195,418,136,363,312,121,39,465,24,451,300,397,423,267,259,272,36,185,66,493,114,440,172,379,29,71,148,281,315,310,258,462,1,222,351
196,215,14,144,9,143,247,184,86,81,238,237,224
197
198,486,368,42,52,9,135,355,392,468,236,187,294,208,96,76
199,201,103,348,283,363,332,246,430,71,413,355,269,335,450,255,22,340,77,167,345,32,354,346,229,175,203,108,181,444,378,66,224,5,189,494,45,206,138,221,185,489,304,137,448,459,101,149
200,41,261,151,339,336,385,4,437,388,26,201,235,344,374,231,80,130,202,180,271,5,73,428
201,461,192,180,24,488,382,435,184,312,145,134,279,389,204,306,132,262,124,478,14,109,284,57,380,37,50,325,426,6,439,335,226,189,283,239,402,489,45,159,425,497,108,388,148,222
202,110,164,402,120,468,320,336,129,372,332,221,307,285,205,264,367,179,31,256,382,174,78,201,152,63,182,54,294,102,30,430,66,29,172,326,277,325,446,423,26,37,131,334,235,140,233,351,472,301,350,345,33,20,219,464,212,143,173,236,377,278,200,280
203,376,176,421,371,219,281,288,456,247,388,40,435,263,8,170,222,354,378,80,403,369,211,472,460,123,84,455,102,112,187,361,235,24,290,437,82,121,432,341,17,108,279,374,400,426,77,232,474,285,32,216,352,389,420,4,47,344,321,318
204,160,221,258,454,428,137,53,75,310,400,359,256,84,181,82,348,394,335,325,413,150,410,291,263,224,49,227,217,369,421,141,190,140,251,292,9,267,131,134,2,300,12,19,366,354,453,370,378,125,468,177,346,20,27,437,208,187,474,184,92,65,189,18,192,130,419,78,306,299,472,289,406,467,5,368,365,237,179,146,157,399,115,355,314,70,241,106,94,301,373,488
205,14,73,446,65,39,246,235,497,83,276,140,187,102,94,207,223,153,121
206,326,112,463,77,235,267,149,241,290,16,385,445,493,297,274,294,276,413,135,91,164,223,440,448,31,496,264,324,153,78,104,28,193,376,220,239,244,10,27,84,62,131,478,318,174,26,371,132,72,328,495,76,321
207,211,408,389,328,166,284,379,378,439,432,400,421,370,417,234,9,314,243,458,350,422,87,69,494,476,0,420,466,410,90,1,51,254,382,386,273,415,152,57,81,497,59,181,353,342,105,463
208,12,189,456,493,389,38,388,467,283,460,234,66
209,438,223,434,258,43,196,31,152,93,472,55,105,351,254,192,149,441,1,63,326,118,235,50,81,116,73,436,378,475,238,311,245,349,119,479,476,65,270,233,335,44,172,345,414,17,277,257,265,84
210,382,112,321,448,175,202,468,308,32,62,66,203,15,278,158,152,349,296,493,335,194,485,122,325
211,470,273,205,373,47,422,283,126,377,318,384,293,155,355,281,64,114,445,13,209,383,369,335,311,432,474,79,360,478,315,323,26,112,42,258,174,479,345,427,421,239,327,91,10,206,324,68,372,431,259,389,248,71,58,149,230,194,251,393,233,100,398,381,84,424,212,433,442,69,140,1,473,300,451,31,121,475,28,195,286
212,285,42,425,25,274,466,103,47,473,475,236,282,302,221,53,480,233,423,22,131,421,308,369,255,145,88,62,118,498,135,216,259,253,207,418,486,161,110,0,156,278,351,426,443,446,2,146,10,94,19,341,199,64,155,93,230,8,328,72,66,445,215,34,387,394,263,381,27,488,150,98,289,147,4,225,193,67,324,137,119,294,80,403,136,46,71
213,202,85,309,308,97,326,312,411,369,423,457,474,111,265,160,451,324,269,187,195,152,72,356,383,2,300,91,486,485,79,5,226,453,63,276,415,386,372,126,254,338,12,183,196,167,404,455,299,42,376,180,295,147,274,289,215,158,52,283,469,9,402,137,264,89,177,440,230,436,112,329
214,415,369,88,469,411,4,403,313,370,265,391,145,36,304,410,488,331,446,426,151,109,406,239,161,107,317,153,154,371,322,209,60,323,385,46
215,252,246,423,450,317,71,185,58,299,102,150,62,139,462,410,452,269,121,189,483,96,310,187,250,367,77,455,382,406,165,321,242,183,320,461,441,348,399,103,259,33,325,312,28,10,81,409,482,225,84,8,16,159,328,361,245,190,476,436,194,365,176,218,23,480,143,134,5,381,356,486,499,430,9,352,155,55,64,354,360,179,279
216,432,198,326,371,441,492,184,171,83,157,343
217,389,216,213,269,179,27,282,420,300,46,117,265,479,55,230,126,260,51,102,366,106,215,35,411,68,336,458,134,306,415,214,440,65,401,96,365,125,148,287,293,233,92,481,310,62,255,395,371,15,319,199,158,307,498,322,414,345,157,190,195,290,372,384,154,164,222,329,6,163,45,76,98,0,17,242,497,57,423,354,450,410,279,118
218,259,277,183,382,404,339,148,301,494,197,8,405,373,252,79,234,358,171,375,124,9,294,298,43,128,45,117,145,228,135,493,164,189,38,211,115,305,392,15,468,13,229,378,31,268,191,497,205,4,210,80,313,256,113,221,296,212,121,495,63,108,389,14,281,92
219,480,444,303,309,246,223,417,347,414,209,164,373,498,159,312,435,92,423,192,449,60,324,71,36,315,15,38,396,343,62,163,334,151,445,215,391,238,121,170,233,286,77,43,12,467,442,44,5,251,245,276,78,384,323,244,229,50,185,319,302,258,100,47,187,37,421,284,393,437,249,301,29,454,269,158
220,290,161,45,449,340,462,377
221,192,401,96,164,400,446,56,94,420,267,100,101,111,51,7,150,366,250,31,200,427,463,197,246,185,332,112,77,448,141,484,453,36,163,60,344,415,262,269,255,16,179,327,247,81,253,152,304,355,486,4,69
222,360,8,324,251,485,92,447,117,205,36,53,491,471,327,58,295,265,455,325,99,382,255,146,174,380,75,298,160,208,423,177,430,85,240,57,328,499,402,15,281,261,288,479,475,232,416,464,40,466,83,144,41,136,230,304,278,245,279,444,31,167,142,481,267,342,120,420,223,32
223,274,40,224,11,236,368,185,395,210,6,9,66,328,317,335,48,68,131,494,207,154,375,339,450,279,38,105,426,460,222,57,64,205,214,111,194,112,447,204,272,234,388,14,446,342,325,249,296,120,391,7,188,13,493,73,84,177,397,326,103,387,393,21,413,418,293
224,226,407,238,255,232,318,268
225,441,98,34,397,105,434,321,90,238,309,415,122,124,482,255,196,475,368,235,310,48,257,315,496,442,127,219,463,396,112,416,179
226,433,447,116,352,114,100
227,494,233,414,224,173,460,193,462,131,113,157,252,156,441,267,406,290,37,477,421,489,107,127,4,54,420,279,126,312,385,152,407,287,331,181,388
228,242,394,316,171,40,140,310,139,44,158,234,452,220,142,273,94,92,224,353,184,418,400,217,482,289,286,287,355,326,15,280,406,227,103,38,161,471,77,459,83,303,186,388,12,8,496,14,169,348,351,399,361,261,494,495,309,346,146,356,457,3,210,192,193,47,75,164,324,57,21,266
229,216,256,339,356,322,215,493,292,123,66,157,14,338,112,151,252,16,51,346,385,376,40,197,354,83,233,266,184,332,2,211,441,78,328
230,8,470,249,245,486,70,31,345,24,333,460,64,453,229,391,266,417,404,322,348,364,100,279,214,339,213,219,152
231,310,326,68,396,294,89,373,2,233,82,343,204,308,147,138,372,480,459,149,278,10,355,7,131,172,216,170,299,104,78,277,314,457,258,356,77,238,460,263,323,100,483,243,115,445,405,134,481,58,235,110,45,157
232,266,308,480,71,372,367,63,55,96,363,60,184,155,148,371,277,492,47,459,36,392,301,339,287,195,254,217,387,265,430,364,284,162,474,361,229,145,59,143,407,384
233,416,167,121,31,59,262,195,311,462,255,373,412,240,280,19,219,480,443,459,145,26,388,215,97,136,243,24,211,334,484,155,86,15,400,120,137,134,109,157,245,51,313,315,188,83,77,295,425,367,199,124,168,202,108,1,180,122,179,323,450,186,453,464,56,16,227,133,177,144,62,228,414,424,49,381,377,385,322,128
234,474,289,221,197,267,483,416,132,63,315,312,137,119,482,417,358,110,83,431,56,384,219
235,254,455,297,472,18,458,284,72,42,164,22,470,347,469,96,245,473,151,90,222,97,224,343,78,61,212,187,108,369,182,308,185,193,237,39,130,449,268,99,447,276,494,221,104,261,271,483,150,329,229,332,119,179,144,399,12,279,368,426,219,51,273,397,168,315
236,35,77,186
237,315,164,210,18,487,257
238,480,140,61,213,52,260,88,362,431,122,54,47,123,64,180,111,5,191,481,108,38,139,50,457,20,382,356,375,377,220,165,364,224,361,459,458,4,142,193,313,93,494,215,348,252,89,62
239,415,236,177
240,159,401,49,379,204,437,190,203,7,310,130,103,474,429,128,433,416,306,97,131,296,80,386,9,225,347,287,145,168,57,223,276,270,258,475,180,61,461,428,220,490,1,23,318,273,70,173,197,430,30,341,351,323,277,488,399,303,359,165,450,66,299,125,156,167,398,498,256,44,327,198,284,449
241,235,217,492,490,129,390,7,363,281,197,162,222,25,384,182,199,264,51,1,293,470,456,216,257,328,326,108,288,442,96,469,418,195,483,367,435,340,270,205,211,134,187,362,40,453,159,393,482,87,493,313,451,147,342
242,105,133,159,479,444,243,406,395,460,24,412,425,238,163,311,440,441,383,492,44,272,418,210,280,27,481,94,484,473,448,110,457,260,305,215,191,316,340,424,364,7,15,324,318,25,361,84,435,293,452,248,241,409,49,225,398,297,335,146,36,214,302,194
243,283,491,77,291,304,400,462,289,382,423,490,242,112,188,235,26,85,275,274,387,394,84,29,478,262,0,332,14,154,11,438,9,383,264,329,428,226,93,390,461,406,24,253,227,8,158,190,385,89,281,245,224,410,440,305,174,395,340,451,6
244,346,152,410,460,348,242,30,211,248,137,478,214,9,447,102,373,458,376,341,216,241,12,429,320,59,477,473,117,419,181,440,283,92,252,284,236,363
245,17,229,488,281,131,322,347,169,480,389,140,236,152,297,194,486,122,484,185,145,82,481,167,260,172,263,50,259,117,136,338,27,114,84,386,279,364,283,301,195,222,112,46,439,276,209,61,456,270,24,64,219,244,355,495,121,202,401,257,69,89,132,333,336,346,88,58,247,233,126,256,424,129,68,352,80,348,21,294,39,324,188,496,337
246,98,20,279,364,38,37,414,427,23,429,277,236,392,473,262,95,158,61,487,173,248,238,311,149,189,34,33,42,325,482,71,135,370,312,274,374,93,30,138,283,494,443,454,362,366,168,365,29,373,65,81,308,59,416,97,385,86,78,496,444,177,436,186,281,341,387,155,428,340,326,477,314,413,8
247,303,466,239,481,25,287,435,417,365,416,116,52,33,245,242,341,374,398,295,241,43,146,274,19,197,349,376,61,150,401,277,429,40,421,284,387,1
248,324,294,183,483,134,190,411,57,187,148,419,388,83,305,283,425,259,37,86
249,140,477,312,11,257,154,271,176,288,25,164,470,246,488,469,239,377,87,335,42,436,56,332,216,266,225,297,121,268,440,458,149,349,218,77,151,120,27,449,317,350,411,328,383,330,318
250,409,432,309,179,78,95,365,404,361,308,172,369,178,426,246,8,25,413,50,41,211,196,252,459,116,190,35,181,100,458,267,378,244,138,339,132,423,173,491,320,98,371,340,229,481,85,214,332,92,251,300,11,323,461,377,437,61,281,149,472,125,368,414,400,247,170,139,462,264,148,317,76,228,460,188,29,209,167,158,16,468,104,421,345,391,266
251,361,431,24,325,396,152,114,8,445,316,477,327,41,172,413,179,34,475,274,254,185,426,359,390,360,248,358,305,457,18,486,303,105,175,188,37,355,433,456,12,320,435,233,283,218,74,230,295,149,245,9,451,38,424,143,418,442,62,211,4,432,491,10,471,239,370,184,462,229,276,19,113,277,473,65
252,91,147,256
253,398,118,221,207,461,405,344,482,55,294,374,320,311,375,255,143,471,27,203,129,474,266
254,329,252,372,413,205,337,75,450,480,25,213,126,325,7,48,358,297,418,156,456,295,474,26,111,67,103,242,52,232,407,425,88,313,428,123,87,485,309,15,263,101,80,183,287,116,99,229
255,313,215,80,359,124,6,54,454,331,401,58,292,115,125,168,12,155,431,186,39,268,136,67,328,242,138,62,388,121,442,160,129,118,377,469
256,209,29,374,101,433,416,461,261,109
257,67,480,170,79,84,419,212,463,148,56,449,326,59,243,126,342,477,227,250,189,194,353,184,426,466,29,473,488,51,471,24,232,245,109,269,440,271,310,248,207,468,460,49,418,71,263,223,160,93,340,360,436,443,129,171,150,454,486,329,68,260,164
258,194,15,419,488,480,267,395,83,109,103,495,236,84,364,224,40,235,94,160
259,284,80,288,165,129,316,422,309,407,21,128,67,195,25,297,120,499,251,47,136,213,387,478,431,327,269,374,365,70,299,91,28,470,338,446,229,362,302,437,249,401,341,368,315,328,33,245,262,202,11,45,17,27,271,303,489,105,397,18,276,75,487,150,117,194,430,201,292,208,280,408,410,435,227,423,51,209,411,24,484,270,49,277,255,52,250
260,422,317,344,217,104,70,153,75,111,256,455,357,382,362,1,460,119,328,13,179,26,133,78,212,163,236,477,270,79,282,337,350,359,3,100,354,198,499,195,377,440,421,203,159,224,77,428,95,490,474,58,144,205,222,493,105,400,47,342
261,177,331,418,309,10,260,213,233,22,466,406,234,394,250,97,461,53,114,381,243,161,176,407,337,245,32,344,354,464,113,291,19,166,333,52,205,38,467,226,63,105,142,462,493,157,376,31,168,386,196,306,131,14,204,1,439,222,385,293
262,426,222,320,286,194,192,62,75,178,30,130,73,81,218,408,213,32,101,209,35,422,395
263,310,155,497,456,119,250,178,7,40,320,259,393,391,48,125,369,469,305,237,365,293,355,192,58,88,358,181,43,35,314,463,243,141,96,220,161,452,408,198,382,188,145,6,79,481,306,435,367,252,311,335,78,385,212,436,50,160,49,467,93,33,419,147,283,312,290,167,303,184,29,471,227,205,228,102,34,25,91,136,53,267,209,441,292,104,389,139,68,274,457,378,113
264,407,70,319,414,362,71,360,200,75,267,340,10,228,403,64,28,472,153,225,471,15,312,305,423,424,112,187,223,288,189,308,363,175,150,456,459,137,499,450,396,192,258,420,121,361,345,227,458,142,173,127,172,23,3,133,135,230,369,8,215,368,330,161,201,40,206,126,309,253,219,24,391,221
265
266,329,128,167,283,257,259,462,16,453,331,79,496,448,135,304,436,14,205,201,323,478,100,418,38,108,29,210,153,332,231,96,333,157,457,245,180,262,425,398,390,311,450,136,240,474,355,493,386
267,215,31,57,343,283,447,363,348,40,240,10,223,301,470,33,370,386,175,294,378,311,329,207,399,158,274
268,12,26,234,63,155,244,41,462,376,135,70,229,39,132,467,6,205,160,109,395,2,3,203,322,27,77,104,370,293,295,303,384,483,332,341,98,485,145,231,278
269,192,175,413,311,343,499,199,418,310,64,176,416,11,438,208,4,253,396,431,207,93,257,484,463,59,260,97,221,291,473,139,146,283,450,267,272,486
270,205,207,474,116,368,170,173,61,225,183,186,179,436,199,142,386,56,222,470,477,326,298
271,96,280,22,408,152,240,380,131,343,451,209,454,217,104,410,277,247,456,158,493,117,299,272,162,184,327,491,362,200,460,311,119,202,335,397,477,495,94,480,107,404,353,113,14,39,475,5,391,125,211,137,95,321,37,114,250,213,11,62,256,47,298,86,384,246,151
272,8,306,2,498,436,61,13,182,104,302,344,209,86,345,153,217,167,399,316,237,174,314,274,112,5,481,282,233,218,424,416,246,405,136,458,26,143,90,241,23,334,372,350,125,88,467,92,468,368,132,20,276,472,119,28,422,251,417,12,486
273,426,395,179,56,166,323,37,398,156,5,371,160,362,173,365,256,116,207,337,214,210,15,493,135,325,150,208,79,91,195,349,81,376,98,25,254,462,113,39,234,453,422
274,38,174,134,196,232,264,71,57,140,226,281,300,147,243,201,74,328,132,434,268,152,278,97,482,115,445
275,117,235,96,407,232,487,31,469,134,486,210,221,426,292,472,411,289,357,197,484,213,140,81,4,277,88,55,163,395,445,444,75,141,254,313,424,35,328,273,110,28,77,262,440,27,438,497,283,67,400,485,248,380,312,124,199,462,260,410,1,422,314,119,451,459,204,186,463,256,278,102,109
276,55,444,70,226,81,144,125,442,39,388,372,260,350,23,470,157,179,187,291,110,440,414,446,494,107,282,90,317,195,175,58,397,127,130,392,469,159,315,390,221,326,72,290,180,395,135,429,24,161,13,173,89,275,25,181,379,374,300,327,33,337,463,434,439,132,200,147,118,355,476,498,197,491,155,483,484,215,183,204,376,493,273,279,368
277,422,390,169,109,290,340,328,449,285,210,143,493,113,278,99,376,216,207,448,141,135,455,480,150,76,75,85,67,423,438,474,293,317,128,74,240,229,92,91,6,120,489,275,133,45,129,237,226,101,431,283,38,453,475,274,112,257,121,419,412,241,416,384,42,233,175,149,478,13,215,161,395,165,29,469
278,464,61,103,428,293,317,175,4,97,144,219,288,364,209,489,185,399,338,472,119,142,402,247,74,113,29,193,316,467,146,149,311,390,94,495,10,184,19,137,18,249,328,33,460,20,422,329,386,330,294,85,37,171,58,481,204,371,180,469,225,229,267,430,485,62,191,93,31,126,54,442,261,387,207
279,344,172,108,390,333,113,229,445,418,267,277,350,367,73,233,446,285,474,155,497,20,283,437,53,64,38,206,243,116,431,352,117,148,128,222,185,343,138,434,455,80,348,450,421,23,454,10,420,493,240,289,3,284,433
280,457,158,65,171,495,254,105,310,430,479,245,288,305,183,345,6,328,358,264,213,79,143,242,67,99,475,220,19,476,168,172,287,355,375,15,489,318,418,482,12,332,406,277,330,319,198,455,109,300,437
281,321,106,266,461,110,410,237,345,83
282,370,405,84,6,21,276,491,471,423,415,358,151,264,492,387,315,436,418,367,400,355,41
283,332,315,66,158,264,372,450,253,241,103,61,329,130,181,439,99,170,3
284,498,430,114,418,213,112,297,178,273,102,311,148,419,235,251,352,52,15,98,385,452,365,268,66,25,347,191,374,459,175,38,84,377,110,139,469,68,417,230,225,373,31,401,94,371,131,26,7,267,105,484,39,185,326,336,140,160,312,308,220,201,360,85,75,359,253,211,342,27,456,70,436,202,429,344,410,113,364,167,350,388,486,8,129,127,170,438,96,331,136,250
285,42,441,334,146,376,271,283,421,52,281,240,375,298,170,114,408,270,112,461,404,423,498,162,217,481,207,341,236,356,111,91,340,132,48,430,8,124,373,241,90,288,437,147,469,390,443,101,395,164,191,1,276,189,309,323,2,258,470,360,181,330,432,152,166,18,13,365,33,484,85,410,243,316,474,209,284,47,232,414
286,279,403,107,43,410,126,189,214,26,147,333,78,394,148,124,375,447,213,239,376,499,466,163,186,340,202,246,341,41,327,430,15,371,287,338,322,359,182,122,224,428,331,339,436,425,448,66,5,290,57,304,342,275,165,302,103,184,233,442,35,263,271,272
287,92,481,76,315,387,324,37,100,467,297,133,215,323,171,59,84,103,341,173,86,422,142,54,338,479,177,401,427,234,283,424,291,43,327,157,98,439,330,112,354,159,404,273,25,478,474
288,278,84,495,156
289,128,454,457,216,231,265,8,346,65,173,397,428,121,423,332,36,334,339,471,107
290,208,148,467,199,140,253,160,326,216,102,340,26,478,162,103,28,239,437,143,494,261,362,22,171,252,298,257,32,248,172,355,279,50,378,165,374,87,324,219,287,489,492,392,159,466,14,439,441,84,47,119,230,348,373,268
291,283,435,458,439,329,55,300,369,353,116,197,169,309,3,10,258,402,214,180,483,383,445,57,272
292,226,416,6,156,387,429,384,164,56,239,299,465,74,343,437,118,171,152,240,172,408,14,470,453,281,67,417,107,291,445,464,117,1,149,72,378,63,350,66,278,175,298,154,49,275,77,451,283,375,341,415,288,137,245,286,116
293,395,205,223,466,291,406,125,262,401,325,436,22,328,79,157,359,373,42,331,105,244,495,212,151,173,89,131,75,288,4,296,195,178,260,275,186,437,343
294,158,440,463,58,353,216,85,46,406,78,68,434,179,42,411,268,38,373,116,131,359,271,306,160,64,302,119,133,389,123,395,106,145,186,386,151,374,492,300,259,477,489,275,479,270,288,125,112,364,165,339,292,313,471,53,100,254,361,231,93,136,396,263,1,87,177,127,469,91,31,391,317,27,51,111,283,447,474,427,57,277,161,327,260,419,154
295,224,163,437
296,238,55,38,182,196,344,336,381,297,466,331,285,23,158,235,33,277,43,214,325,36,433,273,250,437,491,275,270,63,15,229,74,375,257,237,247,456,168,446,429,365,377,187,113,310,448,320,318,80,419,242,6,90,313,135,48,411,376,213,212,453,484,91
297,23,179,238,39,162,8,200,407,359,101,182,220,217,253,52,80,450,228,15,384,438,99,195,483,472,454,348,492,128,107,366,312,347,159,118,233,9,244,289,434
298,499,464,41,282,54,293,272,87,497,207,70,66,385,99,443,470,331,479,402,271,161,442,195,205,488,171,17,415,429,199,177,373,190,246,200,9,29,308,278,226,256,390,92,253,4,334,35,175,280,495,341,193,492
299,40,54,441,461,496,72,97,288,249,186,434,297,306,470,447,452,129,302,368,304,268,194,11,361,23,13,241,243,464,255,53,438,127,117,487,336,308,58,329,292,26,158,379,322,385,126,425,373,444,320,254,50,46,0,309,248,231,374,19,159,286,390,121,179,45,99,382
300,152,7,358,106,82,266,491,296,490,334,265,381,451,275,234,71,145,389,121,251,169,492,405,185,316,345,166,161,117,243,402
301,302,83,166,481,386,441,156,444,194,11,365,61
302,96,128,260,11,153,188,297,6,434,364,125,78,175,190,84,8,408,382,36,435,115,49,204,307,163,378,235,177,127,219,283,445,440,259,81,189,300,98,155,65,337,316,303,97
303,304,143,198
304,12,373,187,181,396,432,382,24
305,375,99,152,377,52,472,412,85,449,35,481,3,154,363,440,342,13,324,437,261,293,475,30,25,327,123,287,276,82
306,118,161,84,48,482,53,43,433,372,198,259,275,251,196,368,176,237,437,18,260,358,356,38,348,327,449,338,107,61,335,415,40,119,289,404,175,441
307,350,249,47,343,389,289,103,57,82,4,145,91,418,412,408,202,182,146,326,75,321,89,37,266,112,331,92,53,225,342,136,118,383,203,129,464,113,291,455,65,158,480,155,271,349,335,445,416,441,117,14,429,424,457,109,403,297,219,384,43,242,478,208,485,378,360,265,359,108,255,487,186,377,292,95,162,32,438,423,170,27,371
308,492,382,263,271,33,8,122,97,274,316,389,154,259,340,112,31,90,76,145,65,296,95,232,81,75,188,312,268,374,96,328,482,175,178,390,331,133,418,484,465,202,281,379,192,474,181,396,252,366,293,289,102,153,114,35,150,30,276,54,244,234
309,433,463,112,196,232,467,288,155,197,259,376,239,318,287,69,375,444,403,10,367,411,350,371,200,449,432,111,173,68,194,24,166,139,71,393,133,446,374,356,344,37,186,3,169,468,60,97,323,168,278,251,377,319,120,109,79,208,364,211,321,88,151,325,143,4,31,443,308,98
310,105,343,268,436,213,350,393
311,372,355,26,283,404,397,193,263,414,47,30,120,179,450,343,421,484,68,319,327,297,495,369,172,169,320,99,236,60,281,255,321,409,222,386,302,76,69,194,444,265,298,295,461,353,128,214,50,344,261,182,242,449,189,371,4,10,228,28,252,398,225,445,41,7,418,190
312,175,224,293,19,304,253,64,156,4,87,90,441,50,126,452,283,345,29,478,369,354,455,321,409,238,387,232,380,447,54,173,25,264,205,146,266,180,131,102,242,437,127,22,34,300,324,75,346,3,84,18,31,355,451,401,268,356,110,135,234,412,98,125,7,196,258,389,105,212,403,53,275,219,417,155,363,427,399,5,328,164,181,295,56,77,256
313,499,349,41,260,389,158,364,344,168,443,400,435,396,128,102,71,85,261,386,76,94,38,275,233,240,425,454,184,77,303,211,461,4,156,232,39,138,121,217,282,172,220,395,202,311,280,472,104,495,281,254,205,320
314,183,17,338,16,466,201,477,126,321,251,187,392,297,484,320,349,94,270,277,376,85,208,98,236,262,73,315,283,308,307,456,499,121,272,458,418,433,87,448,78,374,397,279,76,33,188,238,389,482,66,169,90,3,371,124,402,331,176,164,468,373,180,267,35,369,435,209,118,360,15,488
315,97,51,188,218,258,46,497,163,270,365,62,249,149,214,153,196,494,401,411,353,17,227,422,473,157,212
316,3,72,345,286,29,64,343,97,479,396,326,401,467,475,260,338,116,428,332,13,228,334,229,89,488,81,136,138,78,112,378,133,469,472,409,126,63,415,354,188,388,167,315,476,119,460,336,411,85,412,185,294,195,93,233,178,148,470,194,56,437,376,90,87,212,173,313,280,454,347,357,393,289,403,487,483,209,420
317,38,318,424,435,491,193,361,234,249,463,250,52,445,100,461,420,45,75,336,369,16,161,224,198,211
318,293,35,40,22,142,179,240,469,381,214,291,475,487,33,70,361,129,461,52,153,131,241,418,28,298,355,248,495,303,65,383,91,285,177,162,213,46,26,499,268,164,351,231,405,267,134,99,269,135
319,284,268,294,127,464,381,30,354,185,132,125,309,315,408,366,296,426,78,255,477,173,360,455,133,456,136,383,394,216,247,412,254,52
320,84,70,313,195,271,200,497,16,431,487,159,130,260,270,158,110,17,355,311,21,369,377,420,117,353,216,67,45,480,346,472,80,167,288
321,361,469,87,298,310,244,106,279,284,180,330,37,301,122,376,125,329,417,58,459,440,388,127,316,163
322,238,397,357,214,28,327,446,272,464,499,70,392,282,10,170,350,56,33,370,460,210,204,30,169,16,61,362,379,351,196,285,244,430,301,380,253,319,274,262,149,93,423,177,271,114,363,318
323,258,225,399,371,123,155,34,481,189,418,167,71,166,28,495,483,285,125,353,152,94,226,177,329,37,327,100,69,379,478,39,343,22,222,425,289,299,271,84,373,9,134,148,435,499,41,358,484,114,279,293,47,80,287,430,448,275,40,389,362,121,176,50,168,81
324,300,389,260,254,374,17,479,240,438,19,32,120,13,235,204,205,467,172,465,319,236,370,73,200,145,234,202,1,106,306,37,136,11,121,359,441,27,276,440,326,274,231,65,406,283,329,318,98,177,80,462,218,29,489,265,403,212,332,197,392,74,310,448,476,470,452,398,249,142,302,419,399,216,55,20,343,6,157,410
325,337,452,365,299,275,240,92,398,303,267,192,118,297,76,30,70,375,80,446,406,144,218,160,492,82,421,75,193,54,191,428,121,286,480,273,372,308,338,184,133,125,315,94,159,418,255,453,377,60,164,489,478,101,148,290,499,122,288,217,339,206,343,91,215,171,100,410,189,79,253,181
326,30,295,416,376,271,77,251,152,420,282,390,481,4,19,364,477,107,103,56,68,449,483,31,67,237,327,439,72,14,179,354,302,25,108,325,402,41,288,104,387,370,160,444,122,415,181,208,147,203,494,246,190,59,227,36,143,490,453,372,207,328,172,3,331,291,110,321,482,276
327,212,55,461,348,419,392
328,314,58,16,375,498,144,101,298,141,158,51,247,444,427,104,462,288,155,172,476,62,402,257,345,159,210,390,296,215,341,54,455,446,169,149,337,347
329,36,270,219,218,283,243,377,40,137,169,327,358,370,460,323,473,10,463,216,285,171,25,373
330,329,54,361,435,426,80,237,403,68,427,113,356,421,33,90,63,492,291,229,163,186,2,337,107,260,283,34,346,187,404,243,476,344,352,428,98,16,162,74,409,248,181,117,472,431,177,175
331,206,240,345,442,195,61,353,79,126,447,204,290,66,368,223,10,106,56,118,267,285,45,230,41,425,189,488,214,387,17,339,373,8,375,340,428,409,179,162,31,1,48,103,471,422,144,33,49,185,234,85,52,452,439,389,270,246,475,239,369,191,496
332,480,108,431,210,396,233,317,109,146,72,294,188,457,277,440,369,176,60,256,25,399,142,151,185,96,291,205,364,423,57,36,390,7,141,165,149,169,44,38,162,398,269,186,251,236,458,318,158,94,240,138,93,168,120,170,246,248,310,48,374,387,350,419,204,58,382,157,444,59,140,299,55,462,105,307,4,415,321,338,380,389,130
333,67,387,228,0,434,144,458,151,475,286,196,235,52,353,23,264,106,492,245,472,26,185,33,56,422,446,383,6,129,305,60,128,216,13,367,66,85,391,308,376,486,487,379,181,410,418,3,201,393,87,134,459,2,10,453,74,204,395,105,22,425,269,58,313,46,20,117,253,285,284,83,90,190,41,170,320,98,414,296,316,443,482,180,386
334,26,171,352,80,155,135,394,260,111,97,433,353,46,318,282,476,245,172,200,59,465,395,493,242,41,106,117,377,272,177,25,239,278,444,57,281,234,98,141,14,92,288,214,472,422,42,178,102,189,459,118,96,290,383,37,305,483,40,246,453
335,244,138,261,200,8,466,143,141,372,20,373,340,79,112,194,65,107,461,283,456,320,73,364,126,5,358,54,224,265,215,468,384,300,409,310,216,389,166,332,245,84,484,277,69,57,318,327,77,211,21,452,347,472,350,482,337,115,429,477
336,261,375,400,168,443,458,440,357,76,359,425,101,10,467,45,346,30,421,257,26,461,159,162,285,207,115,468,260,222,209,241,277,59,420,139,415,256,466,42,435,193,43,49,275,334,151,310,212,57,17,184
337,135,232,187,148,165,385,268,476,147,312,184,233,161,441,19,259,155,160,156,396,265,361,371,398,121,3,50,15,363,299,225,457,464,189,116,343,210,353,100,183,444,208,316,57,453,82,409,293,6
338,205,81,195,396,169,63,371,458,204,235,315,335,117,357,385,400,260,480,390,431,76,453,163,219,167,430,101,183,366,165,278,108,451,110,100,492,432,51,47,21,130,217,284,128,111,472,158,134,339,381,332,444,242,355,210,462,459,482,240,433,386,417,305,334,256,291,17,229
339,240,263,425,413,481,27,309,438,416,357,174,220,389,311,15,13,300,84,123,457,159,18,86,355,112,251,7,341,319,181,250,458,261,244,145,108,277,124,395,360,197,225,89,56,444,49,142,253,115,449,259,19,212,304,488,165,90,448,423,173,64,346,464,102,66,193,122,368,116,222,61
340
341,210,175,377,140,149,32,66,34,70,274,169,219,203,218,385,440,252,460,147,351,250,400,153,265,44,495,124,428,436,349,361,402,261,464,320,425,407,383,226,434,156,33,155,380,376,491,95,324,50,47,309,245,49,67,31,249,389,313,489,150,83,343,419,481,233,198,445,322,394,314,404,444,74,132,57,136,447,131,327,408,174
342,79,258,41,382,264,448,454,123,57,198,298,78,91,282,451,158,232
343,260,64,451,225,394,66,118,352,282,252,313,219,354,386,422,428,458,204,285,141,25,9,51,389,497,86,416,404,220
344,28,71,68,182,342,171,42,357,3,155,179,440,123,326,213,98,295,83,350,138,425,303,352,113,400,53,153,38,104,488,111,426,435,309,384,405,290,185,99,499,175,20,46,56,483,278,101,73,149,346,466
345,397,437,367,396,427,348,241,237,176,310,92,307,428,54,78,68,199,97,246,339,182,355,359,224,447,39,412,69,448,369,297,414,90,483,190,223,386,65,82,197,31,476,249,124,333,196,213,257,426,180,374,421,26,392
346,463,277,214,375,165,246,230,371,82,259,215,92,213,120,12,130,263,53,461,160,88,298,60
347,296,81,445,171,398,187,414,456,343,5,312,30,291,92,234,446,469,151,276,88,240
348,238,118,343,217,6,225,153,437,36,212,393,60,467,121,78,444,112,77,205,263,434,202,120,327,200,261,197,368,322,323,42,468,369,213,129,154,496,423,191,350
349,98,397,175,453,452,324,401,79,216,205,184,249,316,348,125,434,81,448,431,270,386,378,23,353,4,439,364,437,490,371,177,475
350,217,320,282,475,247,489,281,167,365,114,222,390,321,248,182,207,432,466,270,358,415,316,379
351,58,439,44,159,90,361,465,89,81,17,419,306,224,321,354,383,339,375,119,21,124,474,378,206,496,163,113,314,327,307,77,468,248,145,469,267,177,344,377,210,372,373,447,35,79,493,16,399,310,398,458,409,208,172,127,454,160,61,110,202,200,404,402,346,67,251,189,231,99,364,464
352,125,6
353,469,272,129,457,406,455,246,20,482,197,203,87,94,328
354,240,196,375,317,270,489,418,495,403,171,275,215,35,143,46,88,162,217,22,107,65,6,218,397,478,487,435,172,304,4,195,340,128
355,178,336,234,219,471,223,476,215,499,114,208,352,4,431,60,249,328,260,403,309,197,126,401,415,259,250,118,339,217,195,405,421,185,213,343,384,64,72,429,265,132,322,447,262,450,77,152,39,459,15,376,304,358,462,318,28,80,229,119,427,296,168,59,237,193,155,253,200,13,69,161,1,52,218,402,206,180,84,372,276,321,184
356,197,494,157,300,312,360,433,282,225,48,440,47,3,496,180,488,278,105,383,380,296,205,452,26,411,281,464,297,83,67,66,445,88,89,78,442,354,457,227,498,184,395,324,15,86,198,108,362,115,80,274,134,336,424,476,315,374,387,234,24,211,350,406,92,265,14,251,219,223,382,37,11,469,208,428,55,456,248,474,361,185,402,244,22
357,211,244,304,113,362,109,7,54,236,480,176,195,380,1,449,240,438,246,408,168,185,233
358,338,44,316,381,22,23,78,448,160,70,66,345,346,87,393,125,76,266,20,323,301,75,212,6,380,140,405,74,312,64,443,463,169,328,438,85,164,252,91,191,422,442,228,161,19,200,385,168,356,52,384,376,135,274,373,427,188,37,365,499,167,401,406,340,308,45,113,174,163,38,468,394,368,269,276,489,56
359,294,255,236,248,93,482,221,426,59,249
360,104,22,1,223,162,439,7,29,328,45,490,58,489,186,39,316,354,117,338,229,391,442,451,349,381,278,120,429,25,268,499,116,191,55,417,266,455,234,452,448,421,245,476,415,459,160,40,196,264,129,478,81,134,374,46,339,230,480,238,161,317,131,132,207,211,497,251,153,139,112,351,388,31,395,405,327,212,244,57,60,313,227,315,30,101,272,108,340
361,483,464,147,21,214,287,425,51,186,241,227,452,297,408,367,70,179,174,451,383,421,317,156,417,213,28,98,18,259,65,368,211,86,191,373,57,210,225,323,33,382,485,63,248,326,11,291,244,199,470,260,453,330,124,338,239,96,89,447,41,420,473,158,125,461,141,119,325,301,208,457,102,200,53,261,99,176,6,489,444,231,238
362,409,228,309,438,29,97,149,190,260,61,286,287,155,423,453,395,225,165,271,484,182,113,109,257,4,2,67,20,12,192,70,108,324,486,17,132,338,137,57,43,300
363,453,311,167,337,495,158,0,348,432,436,467,249,286,5,100,242,71,52,232,418,90,391,42,383,404,144,255,394,400,72,179,123,476,433,252,105,358,241,19,334,342,456,1,226,244,134,40,229,355,295,235,185,403,103,492,132,392,359,223,498,51,292,297,75,459,460,267,184,101,149
364,66,433,366,406,319,46,498,57,141,148,414,313,484,424,168,221,114,69,184,321,53,464,227,151,465,403,470,20,247,462,72,130,23,393,360,1,275,288,335,197,432,331,348,472,469,476,163,379,106,196,35,2,203,461,303,293,174,134,372,474,75,10,235,43,397,349,259,434,296,153,422,152,257
365,4,343,271,490,254,88,278,67,151,414,373,177,306,201,180,332,479,233,141,375,79,376,192,334,427,54,73,454,78,420,344,337,465,205,117,52,441,408
366,183,375,108,171,17,172,180,146,359,498,334,168,465,324,84,191,0,95,154,453,120,21,331,347,271,342,448,382,23,243,114,47,101,278,136,337,311,217,163,61,310,174,286,157,322,266,133,40,34,390,398,94,227,376,461,433,128,427,349,91,436,426,65,88,254,32,186,216,300,166,364,213,355,385,11,155,360,150,497,43,226,462,447
367,77,197,27,231,305,303
368,73,358,219,248,35,443,238,58,489,105,482,60,424,351,427,396,402,69,459,416,423,340,457,324,112,145,494,401,445,86,390,174,263,327,446,189,138,354,375,391,16,299,271,111,386
369,488,2,410,82,74,363,367,184,414,199,494,255,29,381,240,224,218,445,65,243,7,188,263
370,32,453,311,260,323,304,36,147,400,420,368,87,52,430,478,310,279,19,392,325,437,371,394,489,67,209,135,445,195,51,129,499,113,254,291,295,64,343,172,442,249,485,142,277,22,317,330,134,29,355,168,413,61,136,20,107,283,84,353,218,98,196,199,247,427,130,465,354,225
371,158,411,286,172,54,458,337,368,211,304,95,238,111,142,339,372,66,376,470,44,403
372,490,154,243,322,328,202,389,315,0,357,271,298,214,339,466,143,139,285,301,190,448,391,366,18,228,495,234,56,282,229,183,429,221,253,369,58,351,136,316,128,163,132,149,432,141,220,404,438,72,423,442,449,361,277,103,4,405,101,53,252,383,62,11,2,204,200,327,30,13,48,177,461
373,371,344,204,286,227,34,490,297,267,96,194,82,117,443,376,386,9,63,169,334,32,44,397,33,494,306,450,152,304,392,154,220,406,377,404,159,75,66,191,326,481,414,243,8,472,284,97,346,10,114,391,458,186,380,237,99,427,384,340,303,289,136,497,137,396,105,149,419,5,29,28
374,379,356,146,15,448,408,223,62,306,5,68,91,122,380,115,14,189,461,319,279,6,304,17,364,192,22,132,307,296,485,294,157,226,137,348,10,9,284,7,402,42,1
375,78,145,190,341,205,213,64,103,231,365,407,280,63,345,148,428,25,377,8,332,212,129,186,424,299,122,72,14,27,117,207,167,457,119,209,86,363,410,242,378,466,326,185,16,173,38,447,494,201,388,227,126,340,113,467,452,46,247
376,89,366,121,183
377,65,148,156,8,52,122,197,200,492,168,43
378,74,129,375,60,214,65,4,148,70,467,293,107,215,231,343,124,332,72,94,281,333,91,363,279,48,455,134,390,433,242,81,446,351,186,114,84,244,116,394,368,427,417,470,490,68,387,39,115,276,152,479,230,160,158,85
379,300,366,94,482,337,208,345,258,103,297,304,415,422,117,404,309,471,288,411,264,74,243,445,38,98,42,146,443,347,184,97,414,204,436,39,277,187,292,192,287,354,2,111,24,367,351,83,429,378,237,405,481,442,1,185,492,350,262,397,430,486,202,320,408,476,321,394,49,376,31,344,182,352,188,88,268,58,314
380,349,219,77,305,434,92,454,279,326,17,455,396,372,135,94,73,462,322,62
381,217,325,63,306,52,397,22,352,425,376,363,133,237,77,380,122,9,33,58,229,140,219,90,203,341,317,259,231,329,76,181,40,394,273,87,330,10,307,457,442,232,375,382,129,97,211,322,407,83,176,338,472,215,255,245,365,448,356,75,78,280,493,265,154,250,70,410,388,389,161,291,276,377,320,321,148,105,204
382,95,177,91,406,216,231,209,429,102,60,309,425,41,441,240,15,238,211,196,484,49,233,187,250,254,343,99,316,438,260,219,422,288,131,443,156,256,61,440,84,348,242,372,365
383,305,252,106,282
384,421,373,151,208,44,205,67,487,108,125,163,289,213,137,79,294,477,109,491,167,419,450,366,120,374,89,266,306,414,452,327,332,154,359,300,192,248,223,153,480,340,314,470,328,214,386,77,149,397,178,378,321,257,297,407,303,424,40,446,345,235,367,492,288,116,462,6,100,18,241,88,71,264,465,441,31
385,386,284,50,448,42,262,390,266,435,15,280,369,352,281,203,470,400,490,76,350,35,129,161,338,65,151,140,189,147,382,231,195,178,320,444,478,239,215,119,2,55,54,260,424,441,70,377,356
386,405,262,447,251,429,209,339,52,290
387,164,377,52,223,220,486,378,306,211,319,293,124,389,229,100,490,131,239,5,120,188,253,143,471,324,30,270,312,318,386,373,272,44,344,165,436,390,227,242,262,434,226,68,496,28,187,327,230,20,92,14,320,213,428,317,102,371,6,246,232,66,161,19,322,257,330,342,362,385,81,119,156,22,144,212,460,79,351,467,321,481
388,348,109,360,420,99,117,239,61,266,477,139,153,194,21,114,70,332,77,234,417,204,310,434,337,43,172,315,145,492,291,208,238,14,307,393,365,491,379,126,268,212,147,457,269,277,469,248,121,54,245,421,187,149
389,254,348,277,11,54,337,166,410,258,34,95,224,371,261,181,225,302,69,179,252,211,186,385,103,362,338,222,31,381,499,323,463,339,183,259,486,81,113,493,171,40,125,364,314
390,350,383,366,376,71,231,459,381,50,157,112,464,227,367,108,162,281,309,283,7,470,133,146,47,472,82,125
391,364,114,61,385,396,427,317,175,161,408,493,244,31,110,10,482,416,460,95,421,289,199,438,206,19,312,419,235,139,241,258,66,178,306,426,321,58,294,325,53,357,422,279,91,444,24,497
392,303,340,3,433,93,18,144,221,65,45,191,196,401,445,320,441,271,372,46,32,396,149,462,296,334,270,411,312,302,263,190,33,56,494,400,288,68,154,298,37,53,460,328,483,467,258
393,159,135,375,100,122,262,330,129,53,86,472,326,383,246,221,293,5,279,425,430,433,75,322,449,65,90,346,231,382,241,348,89,290,431,458,331,32,48,114,37,276,260,403,278,62,69,244,61,379,77,155,445,235,99,269
394,114,435,335,474,463,94,430,304,491,352,429,493,157,68,365,368,195,362,484,70,136,224,380,247,65,239,89,208,17,15,40,312,471,357,232,250,478,374,176,129,325,308,88,342,121,262,458,91,424,113,177,444,242,117,301,77,273,217,24,483,199,482,269,399,18,103,274,449,467
395,447,499,278,47,103,476,275,433,162,465,50,165,247,213
396,104,364,270,305,131,48,106,394,411,388,103,433,12,67,344,292,441,50,469,88,275,36,168,327,230,261,223,352,428,361,182,453,450,331,370,421,404,172,16,444,65,9,346,281,63,147,216
397,240,203,98,478,416,498,426,150,241,210,128,223,349,310,476,81,253,125,109,199,370,355
398,411,279,63,118,448,157,161,427,350,39,360,213,34,403,321,165,440,303,468,238,423,338,388,151,275,463
399,75,457,258,77,410,332,25,3,388,8,470,404,224,336,313,415,70,86,71,291,340,155,418,171,466,100,305,319,187,344,122,297,295,213,446,184,35,317,178,314,243,162,93,487,226,420,359,239,471,240,140,116,381,267,32,89,67,210,383,175,11,334,429,111,486,28
400,319,317,147,198,232,237,49,9,95,322,54,135,162,381,156,157,212,394,63,55,306,207,401,203,195,476,81,418,113,179,228,148,241,246,185,85,221,473,249,352,12,164,445,87,496,424,61
401,498,177,395,340,21,83,141,456,444,76,376,46,62,80,183,370,59,485,25,18,362,476,192,93,24,333,327,248,359,316,58,360,153,352,109,71,394,196,137,290,434,375,413,267,50,103,381,272,334,210,181,92,97,262,164,488,406,209,454,87,303,68,161,494,378,256,221,29,493,419,342,385,163,159,280,496,115,150
402,148,202,223,414,499,234,51,308,260,245,204,493,264,388,115,317,487,164,29,139,48,118,41,32,335,254,149,418,301,45,86,313,99,100,174,49,113,494,309,416,331,401,212,425,472,266,373,280,324,344,451,246,238,119,294,123,153,496,484,221,154,275,431,446,340,310,28,364,117,422,328,272,247,120,279,376,40,441,488,361,104,398,394,205,12,192,351,65,473,435,457
403,357,42,409,427,324,428,123,24,343,425,18,203,452,498
404,140,371,361,493,24,13,351,319,445,35,402,101,478,172,107,368,392,192,483,408,116,203,54,420,386,335,197,342,274,300,16,72,160,446,193,328,465,162
405,337,470,244,228,38,370,350,45,458,393,427,5,223,19,414,296,74,452,27,287,357,11,183,132,480,123,369,199,53,234,52,328,437,33,313,104,231,305,197,413,35,86,425,365,218,482,304,409,324,3,372,476,461,6,198,422,479,316,252,392,471,373,155,285,262,478,94,267,390,139,115
406,396,74,121,369,122,335,382,271,451,133,91,236,153,323,363,308,357,454,80,207,426,499,296,123,36,412,279,366,452,99,274,340,299,105,23,467,319,66,427,94,380,197,219,456,302,20,44,261,267,273,349,182,293,241,147,168,298,458,35,196,90,351,149,204,18,221,55,348,269,107,419,24,172,31,9,48,67
407,481,152,5,324,496,68,493,228,129,237,353,154,73,160,312,37,297,142,32,328,76,135,22,450,179,85,145,311,47,274,6,66,476,375,8,189,171
408,344,496,298,101,246,225,483,67,11,292,153,237,175,432,160,360,9,317,152,90,345,94,449,358,269,343,305,258,311,33,245,286,301,299,171,113,392,265,192,336,448,93,217,124,110,440,451,373,381,140,162,180,197,401,337,107,291,142,209,475,35,383,285,220,26,184,304,14,279,238,143,270,138,49,166,326,334,118,409,485,268,229,27,477,39,251,443,354,116
409,367,231,85,451,374,11,413,290,179,434,396,206,428,384,296,243,43,298,121,378,498,314,438,147,443,286,72,131,170,492,339,272,357,484,47,79,41,204,164,256,268,225,461,405,306,417,195,216,495,53,155,408,14,293,328,105,362,326,110,202,475,213,487,421,368,282,233,373,261,2,379,352,144,427,370,340,403,449,289,494,489
410,71,152,390,461,495,255,253,288,460,452,115,437,393,388,201,367,159,81,337,200,175,256,120,387
411,29,104,75,187,80,16,76,40,281,342,278,149,10,190,262,59,222,280,418,453,329,151,396,299,443,241,495,321,435,459,224,163,136,447,121,119,408,137,450,432,381,116,389,175,154,193,348,304,27,140,127,181,454,451,113,284,5,444,232,315,428,249,74,478,264,13,460,73,195,349,297,461,178,364,78
412,80,419,7,338,129,454,29,162,308,459,309,313,455,87,350,218,2,431,50,186,240,359,71,42,113,407,477,373,362,437,482,211,40,351
413,406,70,132,36,382,474,229,395,240,401,340,255,329,468,397,447,310,237,31,290,347,262,264,375,499,476,299,208,481,418,383,209,10,398,216,74,96,469,308,327,60,205,169,426,257,201,390,35,129,394,113,27,301,15,83,252,210,111,429,377,44,275,403,54,387,161,270,462,428,276,470,52,396,11,479,399,80,37,312,296,421,137,249,378,416,190,277
414,123,379,436,281,269,409,141,387,376,47,91,40,66,276,448,67,253,105,118,51,488,261,483,149,218,395,28,367,100,353,430,90,158,267,129,428,116,37,455,401,323,30,471,308,441,250,8,198,173,83,147,94,311,200,424,76,322,254,349,11,411,330,203,298,139,14,321,278,437,473,452,61,182,113,273,287,152
415,434,177,23,249,423,289,322,252,457,185,216,190,121,295,219,1,433,367,122,306,417,53,102,366,403,291,421,77,98,154,487,133,274,326,73,173,494,369,381,485,127,146,383,448,467,118,373,175,308,44,245,281,442,145,414,70,176,315,419,217,50,391,432,427,111,203,320,40,340,54,31,214,311,370,268,302,385,410,200,167,204,310,409
416,33,309,198,322,445,286,205,270,63,355,260,11,450,226
417,206,337,294,251,288,175,258,407,94,149,101,245,296,410,332,304,250,370,8,377,454,176,314,439,35,276,489,115,300,129,427,213,450,265,308,99,463,14,6,452,357,24,261,159,28
418,331,295,263,232,174,293,107,43,214,113,249,111,54,492,381,82,32,401,165,77,287,394,217,19,68,345,427,357,270,40,241,206,382,56,352,290,13,437,368,44,133,238,321,104,7,35,10,72,71,483
419,399,316,110,235,389,65,308,355,310,183,303,484,336,384,423,422,73,159,16,154,145,11,294,361,148,462,497,343,151,59,98,6,421,94,106,272,202,349,219,22,249,427,238,439,388,323,121,70,225
420,255,146,254,379,187,415,197,368,317,346,436,143,261,432,303,374,469,467,351,400,8,230,133,45,189,211,160,129,201,434,51,169,407,135,401,498,465,109,423,124,18,473,7,214,6,158,410,450,315,116,480,79,75,452,188
421,8,387,369,13,483,470,327,209,92,290,40,27,418,445,107,370,303,376,175,103,220,261,340,231,455,497,273,344,358,233,457,32,204,197,131,481,283,368,435,330,87,139,194,366,491,384,423,229,140,272,189,281,121,202,54,246,224,322,196,350,304,55,251,62,373,282,317,156,177,301,111,396,185,309,49,163,186,337,94
422,438,99,70,241,380,383,139,128,156,301,294,365,133,196,285,40,160,436,381,368,476,90,87,154,349,229,81,335,82,390,454,385,168,415,250,375,414,441,404,443,69,204,379,318,15,288,230,453,216,471,147,339,400,44,214,178,189,33,290,332,430,245,76,53,266,21,319,268,17,283,215,6,426,330,73,91,27,291,435,158,277,4
423,150,311,183,331,81,264,127,244,439,431,142,246,158,60,66,156,399,250,300,371,464,459,135,151,369,395,133,130,71,377,39,347,266,489,415,312,470,301,44,349,143,147,479,212,83,10,484,254,380,99,487,90,317,47,409,419,482,295,354
424,422,335,195,447,183,253,36,82,192,467,149,399,302,206,426,69,114,423,221,392,386,245,385,125,435,389,146,126,367,101,330,404,236,7,106,102,165,289,260,134,332,238,130,108,25,85,164,368,488,414,78,311,49,487,61,441,159,184,46,5,163,240,320,18,22,30,420,145,140,54,434,485,139,264,304,469,246,315,471,496
425,190,434,136,491,416,299,378,195,493,381,132,242,387,265,316,41,396,266,475,202,301,18,334,280,129,174,362,494,226,204,448,413,237,44,177,67,431,33,257,198,59,327,410,269,263,353,50,339,271,397,232,297,187,365,80,470,474,65,78,234,121,441,239,283,111,83,92,10,274,389,330,151,424,37
426,240,191,440,76,189,171,286,169,116,466,215,345,357,121,369,397,364,137,341,74
427,115,469,175,430,189,261
428,103,489,373,193
429,123,266,30,340,296,381,269,53,102,105,163,33,400,147,461,335,357,97,50,225,27,132,404,475,398,229,133,478,60,150,44,91,222,10,412,418,55,48,209,456,382,417,329,385,107,246,179,391,61,498,28,99,62,54,435,437,414,446,330,440,217,76,220,215,422,144,106,373,77,337,258,79,312,195,252,67
430,449,258,188,116,184,136,400,122,496,332,248,337,263,50,412,393,447,478,156,364,486,84,20,36,283,378,172,490,89,497,439,80,55,232,488,324
431,95,154,434,257,328,179,76,11,443,173,197,20,219,215,369,474,349,374,286,449,352,279,472,387,74,405,428,378,282,452,167,28,340,19,16,26,94,419,492,93,145,236,281,217,75,134,212,398,338,208,130,370,308,31,15,32,440,9,47,268,483,471,62,392,246,417,111,157,186,185,5,233,37,321,347,46,82,25,163,195,348,58,168,133,486,144,79
432,273,360,116,251,68,276,216,40,329
433,489,424,173,97,170,93,165,496,67,34,65,475,172,471,311,297,337,57,122
434,366,147,410,394,66,50,100,94,261,22,466,166,45,139,91,17,16,311,150,286,213,393,367,326,277,185,403,35,372,423,412,161,8,30,23,46,273,348,381,5,339,255,164,390,4,205,70,247,405,176,211,38,225,291,215,230,118,463,34,78,325,310,11,309,396,214,76,189,227,165,320,283
435,118,50,136,293,47,448,93,266,283,33,133,410,400,333,150,48,424,224,492,443,72,465,434,211,478,2,163,21,35,162,249,257,362,281,330,317,217,169,44,487,301,125,220,208,304,74,60,294,418,199,370,493,432,311,337,343,455,109,397,354,86,59,127,43,243,232,80,299,341,202,371,168,292,286
436,468,275,351,266,473,322,136,397,336,214,190,378,295,460,215,91,107,288,426,162,402,12,205,75,405
437,448,242,459,79,365,77,15,52,254,41,310,58,255,345,406,453,302,271,236,88,436,163,179,454,281,128,493,276,339,405,417,91,360,294,385,249,492,174,485,60,460,6,185,35,463,137,434,323,247,28,292,469,313,466,142,191,355,328,106,1,29,288,195,3,46,213,117,331,164,11,197
438,483,494,5,139,458,431,148,230,254,350,250,485,200,369,273,446,127,136,125,58,342,427,400,49,313,204,17,406,165,280,213,48,246,397,386,118,154,441,147,239,478,470,411,41,270,223,137,290,469,435,497,106,52,160,214,499,450,189,383,51,62,124,175,380,145,428,466,76,328,391,107,308,468,349,94,301,185,329,353,240,109,205,27,15
439,137,265,164,277,119,292,262,348,288,477,28,130,195,426,448,425,61,123,287,281,368,34,450,35,128,58,403,91,397,400,235,26,172,20,458,209,187,149,373,100,412,90,438,404,182,324,245,357,49,482,45,355,84,249,469,484,297,493
440,20,351,17,461,76,345,165,186,164,209,278,347,25,315,255,134,71,493,329,248,147,297,414,373,446,169,110,481,24,221,145,372,408,63,436,80,194
441,163,104,416,220,495,373,31,126,10,403,402,471,181,313,293,324,182,292,228,350,33,459,213,372,475,382,424,171,328,393,492,344,361,110,438,157,128,318,224,82,58,149,419,490,414,137,329,354,0,202,384,77,388,63,404,68,287,123,288,485,92,226,101,405,294,322,130,175,99,107,406,381,35,217
442,334,6,281,222,377,130,363,98,33,332,244,75,223,238,208,463,180,247,114,267,358,150,181,486,158,473,307,103,229,483,121,146,207,47,107,384,292,268,160,26,331,25
443,476,132,234,381,108,455,367,168,131,122,217,81,220,352,414,137,484,14,31,252,474,185,34,498,335,497,88,15,147,180,473,114,388,241,177,201,399,254,158,437,369,319,65,426,294,213,70,124,189,471,126,87,155,251,450,461,422,197,57,23,269,465,383,315,255,405,187,89,306,161,322,323,32,222,331,46
444,272,39,6,81,322,218,214,399,278
445,383,413,342,142,457,336,452,27,130,291,154,373,152,268,302,419,151,380,78,397,409,447,350,319,296,114,439,127,98,300
446,431,151,480,144,85,453,483,427,344,80,56,26,322,271,364,227,170,304,303,135,3,445,255,371,250,24,104,238,87,294,198,465,73,355,40,47,412,388,442,245,130,174,456,473,142,111,193,220,35,34,321,301,328,265,285,146,298,196,292,491,31,149,231,13,125,110,229,434,5,428,400,29,119,12,256,395,487,408,109,133,208,44,397,264,295
447,437,18,93,368,161,375,92,493,304,244,446,137,123,389,85,471,454,224,189,415,382,69,35,71,164,104,269,253,360,248,335,59,237,494,5,163,458,300,105,473,177,169,102,405,171,290,285,178,359,247,147,149,257,332,12,345,221,138,8,404,127,277,176,233,117,412,168,281,496,95,66,461,182,317
448,256,274,414,41,8,224,340,82,271,431,335,88,261,410,263,449,24,370,213,437
449,300,356,79,46,408,219,244,19,353,175,259,44,21,262,205,453,417,180,32,378,492,421,248,18,242,428,471,312,257,155,113,361,103,206,245,468,33,247,451,419,411,274,74,37,163,469,215,337,340,171,0,66,327,131,364,252,464,40,88,444,291,283,424,375,389,167,437,147,251,218
450,53,254,176,350,24,21,345,454,231,428,104,278,277,420,460,319,36,97,285,418,9,77,154,485,229,126,189,69,304,493,406,17,348,455,363,346,431,333,410,347,19,481,389,30,354,217,445,459,4,204,110,369,291,221,417,310,323,177,314,320,370,322,321,116,51,409,89,382,286,338,153,387,72,132,289,149
451,201,363,400,18,251,293,310,165,242,133,406,34,254,158,281,485,269,356,275,247,423,388,57,312,210,350,171,408,324,412,429,301,264,138,69,355,5,399,333,300
452,283,357,280,342,433,371,451,212,416,143,439,268,70,325,39,116,256,290,220,227,454,429,287,306,33,29,496,97,499,333,252,299,246,234,482,182,404,95,55,298,56,464,278
453,431,402,37,377,229,270,406,20,316,243,279,192,210,472,391,338,420,491,260,180,187,125,11,114,483,461,101,120,76,200,199,21,441,485,17,256,299,46,161,350,93,282,347,124,28,18,182,328,197,73,353,137,428,466
454,53,315,102,316,55,323,335,93,193,31,388,280,488,258,114,108,19,321,77,343,184,312,221,337,23,9,216,349,339,239,99,207,42,46,98,468,122,110,263,421,192,247,72,175,469,333,353,154,162,443,17,292,451,471,85,166,106,255,485,374,76,172,459,448,78,169,402,458,395,58,231,0,15,293,37
455,442,87,244,449,10,450,257,89,14,85,360,415,208,79,409,280,310,307,43,29,216,308,394,206,40,479,196,20,490,231,345,289,86,339,496,228,47,95,325,164,414,185,493,436,299,384,497,301,129,32,230,258,487,286,162,342,64,21,157,330,459
456,280,47,250,209,467,353,279,402,57,49,207,334,364,436,264,398,244,231,276,121,347,273,199,312,282,452,492,237,359,322,156,349,101,445,35,416,28
457,100,4,381,150,308,276,62,358,448,64,248,396,227,180,72,464,45,149,40,170,486,302,296,378,43,175,476,223,310,178,373,240,198,411,257,400,147,407,218,107,292,225,75,167,236,482,474,7,116,299,490,447,168,473,49,390,322,247,199,316,375,192,55,103,153,85
458,390,302,424,32,119,92,354,309,251,235,239,52,123,113,125,103,246,429,373,106,134,128,468,90,304,43,183,171,456,117,349,50,484,62,175,220,299,47,464,191,42,25,436,371,105,394,272,211
459,462,157,146,358,111,429,24,427,312,192,497,306,376,337,149,256,402,326,194,334,395,91,61,336,391,291,418,195,331,12,133,150,464,196,292,249,64,181,303,441,45,38,92,41,351,48,127,414,106,316,276,172,433,424,261,478,110,300,473,437,230,460,443,281,282,42,128,434,99,229,21,489,382,347,372,370,379,134
460,384,414,294,457,362,492,413,454,498,221,71,157,279,293,123,408,390,385,365,477,289,487,78,1,11,267,201,173,386,440,407,444,456,62,161,160,26,134,36,80,358,341,406,225,5,79,310,84,434,268,170,164
461,479,271,120,148,373,277
462,406,36,5,59,197,328,156,31,16,302,268,119,286,64,70,51,258,318,164,94,83,447,26,127,309,307,293,62,93,337,437,493,135,382,237,245,230,185,373,133,433,323,481,496,322,432,169,426,460,78,113
463,259,124,451,166,326,140,75,223,146,293,188,79,234,169,440,264,135,462,191,389,466,236,397,434,80,295,226,195,354,345,61,55,90,131,499,235,317,91,72,425,93,225,346,409,49,280,339,489,412,496,7,200,98,311,157,282,423,417,328,206,304,141,381,8
464,65,126,489,98,222,479,134,235,0,376,239,3,125,361,267,201,288,49,62,401,171,5,333,491,280,458,404,200,82,185,9,293,325,116,352,109,266,480,149,316,130,386,44,302,100,47,84,67,13,87,440,396,279,355,370,336,42,367,372,341,221,362,436,310,167,48,253,91,101,174,260,324,162,97,451,240,278,292,442
465,464,48,16,280,391,448,291,497,115,192,360,133,403,481,210,227,146,476,137,176,408,383,321,453,409,283,231,435,24,150,14,372,369,334,338,337,355,348,275,290,482,276,461,213,424,410,249,371,104,474,129,84,413,58,223,255,268,254,196,112,178,325,281,88,237,488,76,170,214,77,266,316,132,422,62,399,229,335,487,467,177,175,483,202
466,300,86,348,410,349,279,234,131,484,267,73,184,461,177,1,223,250,24,8,71,166,289,149,217,39,113,227,476,101,359,139,384,342,228,435,170,268,165,239,236,216,129,465,329,313,103,48,373,152,35,143,115,367,438,298,307,392,462,290,299,345
467,114,429,266,45,452,483,101,17,27,53,289,196,463,66,264,367,277,461,316,174,29,86,397,490,189,488,272,195,385,247,208,191,72,282,421,148,204,16
468,298,142,284,53,460,445,92,429,198,165,9,330,388,399,290,34,392,474,412,44,391,177,342,241,135,163,331,190,306,184,14,315,411
469,28,37,187,44,458,130,347,111,180,327,370,118,283,189,148,256
470,176,188,102,340,85,356,133,341,259,236,332,131,257,147,408,420,235
471,101,221,246,22,232,398,276,171,457,273,341,202,167,240,180,456,469,354,225,114,332,25,256,277,429,309,452,216,269,394,400,76,115,104,377,481,222,13,196,229,272,33,113,281,236,370,18,363,405,102,15,465,326,223,157,297,163,253,344,48,418,119,284,339,23,199,468,128
472,19,181,227,306,297,262,149,354,430,331,492,109,381,95,474,323,329,169,188,45,18,195,321,126,189,258,178,350,435,133,150,231
473,64,406,427,318,98,465,0,291,71,137,315,72,171,420,245,3,264,463,138,297,349,129,182,348,44,380,170,378,476,256,395,312,462,491,412,341,362,223,65,247,228,338,352,118,217,376,243,50,345,60,445,211,241,353,104,490,194,257,140,58,210,234,317,35,184,458,444,431,285,309,391
474,175,346,165,98,400,281,121,10,425,279,465,408,225,108,231,455
475,428,299,378,8,363,402,435,187
476,149,132,310,387,486,41,418,135,311,336,93,144,325,438,185,424,89,199,257,340,284,228,174,473,495,386,88,482,290,133,217,239,342,1,156,479,129,436,462,301,10,216,127,51,227,272,61,163,348,83,319,188,115,243,33,349,458,32,494,403,281,154,13,79,415,94,379,12,233,395,148,117,441,189,229,5,483,171,106,406,97,318,192,186,262,410,223,375,146
477,26,191,107,0,88,225,267,358,66,5,208,460,497,60,287,274,365,233,131,339,289,481,54,112,231,255,400,149,297,271,250,484,326,49,476,56,132,186,74,438,86,423,111,136,368,64,340,324,160,273,300,498,472,387,398,127,142,383,426,89,373,129,446,479,270,144,260,449,403,83,478,133,39,308,407,181,153,338,137,180,401
478,255,133,462,257,307,5,446,472,420,440,449,271,267,224,205,153,168,52,57,51,177,381,222,476,311,161,32,343,39,308,246,78,234,389,198,87,128,455,8,303,171,106,349,75,208,321,275,434,48,282,50,409,498,371,184,268,105,388,448,423,232,12,304,481,318,192,20,432,237,125,137,110,54,346,86,418,482,160,465,444,149,466,337,395,49,55,53,127,332,248
479,407,228,489,475,134,357,317,362,341,454,151,297,28,401,369,414,390,485,312,443,490,205,307,436,3,442,221,441,204,344,336,29,324,110,75,145,386,379,250,216,313,482,396,444,425,302,415,427,213,35
480,37,343,410,57,210,335,107,17,89,239,84,16,8,53,12,148,143,362,228,235,341
481,296,215,322,50,400,337,22,45,239,203,493,306,497,27,191,355,202,387,496,6,41,328,192,51,373,102,259,99,329,299,315,114,454,103,359,444,302,486
482,300,336,491,302,109,221,6,21,99,456,44,270,435,248,374,87,209,271,338,343,169,438,380,199,54,322,484,257,42,201,243,223,325,238,185,387,15,19,310,144,50,433,428,424
483,88,111,425,75,221,375,27,352,343,57,385,174,307,285,373,115,479,69,381,249,85,432,157,477,109,414,86,125,51,123,259,485,347,216,436,209,100,63,151,178,365,1,67,188,438,116,372,333,351,393,56,213,366,64,456,281,275,459,340,369,120,395
484,52,492,61,352,462,185,116,493,246,346,207,176,277,474,494,467,351,378,252,317,68,439,476,293,242,126,265,96,149,416,481,357,436,497,314,443,384,489,75,326,112,163,385,54,99,18,33,334,487,309,225,463,262,424,95,200,438,199,226,177,249,322,488,381,486,333,422,283,235,123,311,316,23,29,232,113,425,77,447,9
485,365,155,149,71,141,432,225,45,258,460,153,381,331,364,262,489,181,400,92,191,182,123,431,408,307,54,401,188,204,330,480,16,477,279,404,269,29,25,292,409,449,353,86,260,209,133,91,206,481,222,108
486,130,489,287,492,108,105,248,350,85,442,62,405,414,429,332,82,187,239,138,132,150,299,31,120,243,19,167,173,458,308,312,264,133,142,192,139,377,326,141,121,152
487,472,167,346,214,7,364,402,220,311,358,458,464,486,110,399,423,192,340,355,158,206,465,135,14,194,56,386,179,263,438,35,332,162,4,310,489,73,34,482,230,65,240,9,189,256,299,196,455,494,429,99,343,432,322,345,224,70,20,317,350,427,124,93,212,437,151,254,426,47,376,280,173,418,221,278,281,490,250,267,109,262,403,385,13,59,175
488,476,220,135,51,230,166,267,372,49,26,211,18,231,279,359,56,141,439,57,384,381,144,150,44,486,34,312,318,147,324,41,103,331,119,423,10,329,348,188
489,245,236,186,463,36,352,366,33,133,45,440,1,66,441,453,247,13,216,456,275,421,67,237,428,92,172,171,459,274,415,264,426,239,140,305,316,44,341,397,163,60,161,183,178,358,315,259,493,152,34,195,263,130,447,431,370,129,119,303,61,476
490,245,461,49,200,38,445,436,96,159,489,231,483,257,87,305,425,440,316,388,54,201,326,365,394,20,4,350,343,247,240,171,386,53,123,458,363,149,66,290,295,270,210,82,148,294,5,126,22,223,304,199,468,35,269
491,84,45,486,335,199,342,398,129,243,202,309,226,397,156,94,18,353,497,12,423,103,244,304,253,461,449,376,87,42,40,479,148,228,116,223,439,339,388,221,264,484,440
492
493,415,437,137,101,259,304,139,329,417,496,310,79,197,227,236,345,474,150,169,323,138,281,36,490,31,63,188,246,52,69,331,149,240,265,482
494,193,6,396,79,373,220,487,263,189,311,123,461,392,49,463,422,29,399,50,165,125,48,78,361,59,126,252,94,334,113,58,324,318,431,31,122,74,3,14,104,55,403,253,314,256,305,429,393,348,297,390,254,101,257,188,205,201,158,170,273,115,91,366,435,76,418,28,335,173,100,441,118,81,181
495,3,238,421,490,443,100,79,270,298,42,130,81,208,93,449,250,155,436,457,286,382,419,336,377,157,496,245,158,117,13,260,409,384,94,269,430,126,26,369,315,91,38,438,199,53,74,435,257,185,75,406,324,220,422,31,458,85,305,283,331,318,6,160,363,285,228,290,124
496,88,330,403,278,380,72,472,53,177,181,94,261,245,367,44,298,433,386,25,21,256,237,352,30,144,164,216,128,83,438,397,411,343,283,279,430,51,123,475,408,1,284,376,162,32,300,357,324,458,188,450,362,406,484,399,176,221,422,172,199,471,385,12,451,314,320,491,436,82,225,361,277,315,65,319,113,492,497,183,84,257,414,358,132
497,23,378,127,144,213,308,386,153,64,429,421,335,3,481,452,480,256,181,191,222,68,119,282,118,151,322,419,218,225,372,430,302,487,122,216,380,329,134,67,383,135,170,395,215,340,113,273,244,200,341,393,453,356,221,185,117,251,394,20,278,349,366,120,475,373,286,139
498,285,471,248,257,194,11,108,342,273,266,269,452,196,347,162,157,195,311,331,123,22,425,305,363,465,41,88,155,206,432,89,491,437,45,493,387,232,368,325,485,479,164,6,30
499,152,114,150,62,221
